"#","Server","Name","UP","Guild Identifier","Guild Link Identifier","Guild ID","Guild Rank","Guild Description","Guild Raids","Guild Portal Floor","Guild Portal Life","Guild Portal Percent","Guild Honor","Guild Knights","Guild Treasure","Guild Instructor","Guild Hydra","Guild Member Count","Guild Attacking","Guild Attacking ID","Guild Defending","Guild Defending ID","Guild Knights 15+","Guild Pet Level","Guild Pet","Guild Pet Class","Guild Pet Strength","Guild Pet Dexterity","Guild Pet Intelligence","Guild Pet Constitution","Guild Pet Luck","Guild Member Count","Timestamp","Guild GT Rank","Guild GT Tokens"
"1","S10 .EU","Royal Guard","","s10_eu_g1","s10_eu_g1","1","1","Dunkle Zeiten brachen über das Land, doch immer wenn die Sonne dem Schatten unterliegt, sorgt die Königliche Garde für Licht. Gemeinsam besiegen wir die Pest der Inaktivität und beschützen unseren König. Eine Hoffnung, eine Chance.\n\nDas bieten wir:\n- Goldschatz & Lehrmeister 200%\n- 50% Portalbonus\n- 1000 Ritterhallenpunkte\n- 8 köpfige Hydra\n\nGründungsdatum: 23.02.2024\nBester Rang: #1\n\nAktueller Rekordhalter fürs Dämonenportal!\n\n\nUnser Regelwerk steht im Discord unter:\n- Gildenkult --> Regelwerk","109","50","0","100","26 676","1000","200","200","17","50","No","0","Yes","65","50","533","38","1","406 454","8 662","8 709","289 313","107 547","50","21.02.2026 15:44","2","2 793 313"
"2","S10 .EU","Immortal Circle","","s10_eu_g194","s10_eu_g194","194","2","                                        Immortal Circle          \n\u000b   Bonus: 200%        Hok: 1000        Raids: 110       Hydra: 17/18\u000b\n\n\u000bRecruitment: Hvbson, Famme","110","50","0","100","24 699","1000","200","200","17","50","No","0","Yes","102","50","529","80","1","402 089","7 259","7 320","269 162","111 638","50","21.02.2026 15:44","1","3 187 851"
"3","S10 .EU","BODENSATZ","","s10_eu_g65","s10_eu_g65","65","3","------------------------------------------------------------                               -BODENSATZ REPRESENT-\n\nUnsere größten Stärken sind unsere Wortgewandtheit, unser Zusammenhalt und unsere Eitelkeit.\nNatürlich haben wir wie jede andere Gruppierung auch unsere Schwächen, wie Faulheit, zu viel Freizeit und Emotionsinstabilität.\nAber das ändert nichts an der Tatsache, dass der BODENSATZ das absolut Beste ist was der SF-Himmel zu bieten hat und damit Willkommen bei uns!\n\nWir bieten:\n- Aktive Gemeinschaft\n- Aktiv genutzter Gilden-Discord\n- 200% mehr XP/Gold\n- 50% mehr Schaden (Portalbonus)\n\n\n------------------------------------------------------------\n-> Zum Gilden-Discord: https://discord.gg/j9zHjXpdVC <-","106","50","0","100","20 021","1000","200","200","17","50","Yes","1","Yes","12","50","526","60","1","389 274","8 493","8 537","257 714","106 919","50","21.02.2026 15:44","3","2 519 578"
"4","S10 .EU","Nocturne","","s10_eu_g102","s10_eu_g102","102","4","                                    [PL]  | Nocturne |  [ENG]\n                 影に気をつけて、誰も信用しないでください\n         #1 in Hellevator [04.08.2024, 01.12.2024, 01.06.2025]        \n------------------------------------------------------------\n       [EXP]/[GOLD 200%        [Portal] 50%        [HoK 15] x50\n------------------------------------------------------------\n                                      [REQUIREMENTS]\n\n[LEVEL] 450      [Scrapbook] 96%      [HoK] 20     [Activity] Daily\n------------------------------------------------------------\n                              [OUR FRIENDS AND LEGACY] \n                                              MisFits\n                                      Eclipse Vanguard\n\t\t    [Polish EU10 Domination coming soon...]\n------------------------------------------------------------          \t     Apply to @Symbus, @Aisak, @FriXonn or @Fazi\nJoin to our  Discord server > https://discord.gg/ka5MnEMc9r","106","50","0","100","19 870","1000","200","200","17","50","Yes","194","Yes","74","50","523","40","3","6 748","362 289","6 778","257 414","107 750","50","21.02.2026 15:44","4","2 345 317"
"5","S10 .EU","Gem Miners","","s10_eu_g74","s10_eu_g74","74","5","|-<>-<>-<>-<>-<>-<>-<>-============-<>-<>-<>-<>-<>-<>-<>-|                                Gem Miners - Brothers\n  |-<>-<>-<>-<>-<>-<>-<>-============-<>-<>-<>-<>-<>-<>-<>-| \n   \n         [EXP  200%]            [Knights 1000]            [Gold  200%]\n         Portal = 50%        Black gem = 50%      Hydra = 18 head\n---------------------------------------------------------------\n---------------------------------------------------------------\n  Boni. 10/10 – HoK 20 – 300 Alu – 50% Mount – daily activity\n           \t[LVL 480+]   [1d+ kick]   [SB 95%+]   [PET 600]\n         Apply here! -> https://sf.zsombey.hu/gem_miners","106","50","0","100","19 866","1000","200","200","17","50","Yes","102","Yes","173","50","527","3","1","376 920","8 442","8 657","266 316","110 790","50","21.02.2026 15:44","5","1 979 623"
"6","S10 .EU","Soul Hunters","","s10_eu_g12","s10_eu_g12","12","6","Join to the DC channel --> https://discord.gg/EAYYtapzDS","105","50","0","100","12 497","1000","200","200","17","50","Yes","65","Yes","24","50","511","38","1","325 415","6 197","6 512","223 686","99 129","50","21.02.2026 15:44","9","852 485"
"7","S10 .EU","Das Königreich","","s10_eu_g173","s10_eu_g173","173","7","  \t\t\t        Willkommen im Königreich!\n\n\t\t  \tWerde ein Teil von uns und begleite \t\t\t\t\t      das Königreich bei epischen Schlachten!\n\n\t\t\t    https://discord.gg/cdVvYRuK6x\n\t\t\t    Unsere Gilde gibts auch auf EU7\n         \n\n\n\t\t\t     Was haben wir zu bieten?\n\n      Goldbonus: 200%    Lehrmeister: 200%        Portal: 50%\n\n\nUnsere Anforderungen:\n-volle Gildenkriegsbeteiligung\n-Max Tränke, 320 Alu + Wöchentliches Bier \n-Ritterhalle 20\n-Gildenpet max\n-Loyalität, Respekt, Langzeitmotivation \n\nBewerbungen bitte an Zones!:)\nWE ARE A GERMAN ONLY GUILD! :)","95","50","0","100","12 014","1000","200","200","17","50","Yes","74","Yes","88","50","507","60","1","310 232","7 111","7 198","225 477","94 320","50","21.02.2026 15:44","6","1 328 850"
"8","S10 .EU","Morior Invictus","","s10_eu_g5","s10_eu_g5","5","8","------------------------Morior Invictus----------------------\nI      Bonusy      I                 I   CZ/SK   I                   I      Data    I\n------------------------------ I I----------------------------\n------------------------------ I I----------------------------\nI Pokladnice/Instruktor: 200 %     Datum založení: 23.02.2024 \nI Rytíři/HoK: 1000                                                                     \nI Portál: 50 %\nI Černé gemy: 50 %\n-------------------------------I I---------------------------\n\u000bDiscord: https://discord.gg/mhhdMt9nqx\n\n-------------------------------I I---------------------------","105","50","0","100","12 011","1000","200","200","14","50","No","0","Yes","387","50","505","35","2","8 055","8 077","315 373","223 362","98 026","50","21.02.2026 15:44","8","1 105 707"
"9","S10 .EU","Die Legion","","s10_eu_g46","s10_eu_g46","46","9","In den weiten, mystischen Welten, wo Helden und Legenden geboren werden, erhebt sich eine Gilde über alle anderen:  \t\n                            ║                                             ╣ ►►►►►► ►  ►♀╚╚╚ \n                                  » » » DIE LEGION « « «                                   \n\nWie ein Phönix aus der Asche, geformt aus Mut, Ehre und unerschütterlichem Zusammenhalt, steht sie als Leuchtfeuer der Hoffnung und Macht in einer von Dunkelheit bedrohten Welt.\n-------------------------------------------------------------                                          \nBewerbungen an die Offis/Leader oder direkt auf https://discord.gg/7xXjenEeF7\n-------------------------------------------------------------                                 \n                                  gegründet: 23.02.24","105","50","0","100","11 832","1000","200","200","14","50","No","0","Yes","71","50","496","17","2","9 937","10 017","298 381","212 941","90 887","50","21.02.2026 15:44","7","1 206 320"
"10","S10 .EU","Misfits","","s10_eu_g71","s10_eu_g71","71","10"," \t                          Nocturne \u000b\n\nBandyci, Łachudry, Najgorsi z najgorszych.. to jedne z określeń jakimi opisać można naszą gildię. Jednak na przekór wszystkiemu żadne nie pasuje tak dobrze jak \"Misfits\" właśnie. Mix różnych lecz równie dobrze wyspecjalizowanych najemników w jednej gildii gotowych stawić czoła temu podłemu światu. (Jesteśmy też szalenie atrakcyjni, ale to widać na pierwszy rzut oka)\n\n============================================================\n                              \n              DISCORD:  https://discord.gg/a9dpX6D6Bh\n","105","50","0","100","11 111","996","200","200","10","50","Yes","46","Yes","2182","50","475","20","3","7 813","253 495","7 872","183 324","79 224","50","21.02.2026 15:44","10","836 979"
"11","S9 .EU","Survivors","","s9_eu_g175","s9_eu_g175","175","1","------------------------------------------------------------         \n                             | WELCOME TO SURVIVORS |                                                      \n------------------------------------------------------------\n    An International Guild with main language English on chat       \n------------------------------------------------------------\n [BONUSES]    [KNIGHTS]    [PORTAL]    [BLACK GEMS]    [HYDRA]\n      200%           1000            50%              50%              17-18     \n------------------------------------------------------------\nDISCORD : \nhttps://discord.gg/ar2EAZaG5U\n------------------------------------------------------------ \n                We are always looking for active players !!                 \n------------------------------------------------------------","110","50","0","100","28 770","1000","200","200","17","50","No","0","Yes","13","50","525","80","1","377 319","7 868","7 896","266 266","113 734","50","21.02.2026 15:44","1","2 147 807"
"12","S9 .EU","Die Legenden","","s9_eu_g31","s9_eu_g31","31","2","Ψ GER                        φ DIE LEGENDEN φ                          ENG Ψ                                 \nΔ Bonuses: 200%                                                  Portal: 50%Δ\nΔ Hok: 1000                                                          Hydra: 17-18Δ \n============================================================\nΔ We Expect\nHok: 20\nScrapbook: 95%\nPet: 500\nThirst: 320\n50% Mount\nInactivity without notice for 3 days = Kick!\n============================================================\nΔ We Offer\nActive guild chat\nActive Discord server\nFriendly and helpful community\nGuild and performance analysis\n============================================================ΔGuild Battles  \nMonday–Friday: 06:45–16:45 & 18:15–04:15  \nSaturday & Sunday: 07:45–17:45 & 19:15–05:15\n\n              [==|:::::::::::> Become part of a legend! <::::::::::|==]","100","50","0","100","28 448","1000","200","200","17","50","No","0","Yes","11","50","521","19","1","360 120","8 398","8 367","254 880","104 605","50","21.02.2026 15:44","2","1 851 660"
"13","S9 .EU","Česká Elita","","s9_eu_g13","s9_eu_g13","13","3","------------------------------------------------------------                                      ***ČESKÁ ELITA***\n\n                            https://discord.gg/craf3StZ\n------------------------------------------------------------\n\n\n Bonusy: 200%                   HoK: 1000                    Portál: 50%\n------------------------------------------------------------","59","50","0","100","14 859","1000","200","200","13","50","Yes","175","Yes","97","50","489","100","3","6 942","280 167","6 973","218 944","90 387","50","21.02.2026 15:44","5","1 152 156"
"14","S9 .EU","Frozen Throne","","s9_eu_g11","s9_eu_g11","11","4","-------------------------------------------------------------             Frozen Throne - https://discord.gg/vpMPbe5Dyv\n-------------------------------------------------------------\n\t\t\tLOOKING FOR ACTIVE PLAYERS!\nEN/CZ/SK\n\nBONUSES:\nTreasure = 200%\nInstructor = 200%\nPortal = 50%\nHoK = 1000\nChance for Black Gems: 50%\n-------------------------------------------------------------\n                   \t CONDITIONS OF ACCEPTENCE\n-------------------------------------------------------------\nTreasure - 10\nInstructor - 10\nKnights - 20\nGuild Pet - 440+\nScrapbook - 90%\nMount - 50%\nLevel - 390+\n\nJoin the Frozen Throne Discord Server!\n-------------------------------------------------------------\n                            \t\tRULES\n-------------------------------------------------------------\n1. Inactive max 1 day without notifing\n2. You must participate in attacks and defenses\n3. No vulgarism or racism\n4. Be friendly and enjoy the game","54","50","0","100","14 856","1000","200","200","13","50","Yes","31","Yes","3260","50","501","100","3","7 125","307 529","7 262","241 323","96 014","50","21.02.2026 15:44","3","1 264 184"
"15","S9 .EU","DARE-DEVIL","","s9_eu_g2116","s9_eu_g2116","2116","5","{PL}                        >>>>>> DARE - DEVIL <<<<<<                     {PL}\n{PL}                          >>> Devils Academy <<<                        {PL}\n============================================================\n\n                   \n\n                           \n                         https://discord.gg/94PDR8QesU\n============================================================\n\nWYMAGANIA:\n\n– Mount: 50%\n\n– Gold/EXP: 10/10\n\n– HOK: 20\n\n– Klaser: 90%\n\n– pet: 500\n\n============================================================\n\nDare-Devil to nie gildia - to siła.  \n\nZorganizowana ekipa, zaangażowana liderówka i klimat, który wciąga.  \n\nJeśli chcesz czegoś więcej niż tylko klikania - jesteśmy tutaj.\n\nW legendzie opowiadano o rycerzach, którzy stąpali po krawędzi piekła.  \n\nNie zginęli - po prostu dołączyli do nas.\n\n============================================================","66","50","0","100","14 765","1000","200","200","12","50","No","0","Yes","55","50","492","80","1","280 367","6 824","6 937","215 319","88 073","50","21.02.2026 15:44","4","1 219 463"
"16","S9 .EU","Albánská mafie","","s9_eu_g3087","s9_eu_g3087","3087","6","   CZ/SK             VÍTEJTE  V  NAŠÍ  MAFII\n\nRádi přijmeme aktivní hráče, kteří si přišli užít hru se skvělou partou hráčů. Pro žádost o vstup pište Pilkovi\t\n\nPravidla máme jen dvě:\n1). Aktivita v bojích a nájezdech\n2). Leveluj dle svých možností, ale leveluj... \n\nVyhazov je možný po dvou dnech neaktivity.\n\n","107","50","0","100","13 973","960","200","200","13","48","No","0","Yes","51","48","479","20","3","8 466","243 369","8 393","199 349","81 696","48","21.02.2026 15:44","6","652 878"
"17","S9 .EU","RAW POWER","","s9_eu_g51","s9_eu_g51","51","7","           --Üdvözöllek szomjas Vándor!\nCéhünk tagjai egytől-egyig alkoholisták és addig isszák a sört a fogadóban míg adnak nekik.\nCélunk egy fejlődő és segítő közösség létrehozása.\nJelentkezés nálam és a tiszteknél normális megfogalmazott levéllel.\nBónuszaink folyamatosan emelkednek előre megyünk nem hátra.\n                               NYERS ERŐ MINDENEK ELŐTT \nGold: 200,0%\nExp: 200,0% \nHoK: 1000\nRaids: 86/150\nPortal bonus: maximum %\nHydra: 7\nmost commonly used languages: HUN,ENG\nHonnan jön a név; Tiktok szaraw_balint","98","50","0","100","11 630","979","200","200","10","49","Yes","3087","Yes","2901","49","464","40","3","6 379","219 393","6 462","172 188","75 919","49","21.02.2026 15:44","8","590 754"
"18","S9 .EU","Pysiakowo","","s9_eu_g55","s9_eu_g55","55","8",")-----------------------------------------------------------(                                          \n                                        \n                                          ~Pysiakowo~\n\n                                \n                                ~Psz3m0c is a legend <3~\n                                \n\n)-----------------------------------------------------------(\nBonuses:\n• Exp/Gold - 200%\n• Hok - 1000\n• Portal - 50%\n• Hydra - 8\n)-----------------------------------------------------------(\nRequirements:\n• 395lvl+\n• hok 20\n• 25% mount\n• Participating in daily fights 2 times \n• Pet level 400+\n• 3 potions at all times\n• Scrapbook 90%\n)-----------------------------------------------------------(\n\n                   Two days of unannouced absence = kick\n\n)-----------------------------------------------------------(\n\n                       ~New Players Are Always Welcome~\n\n)-----------------------------------------------------------(","51","50","0","100","11 624","995","200","200","9","50","Yes","2116","Yes","41","50","458","39","2","8 848","8 914","202 768","167 925","74 939","50","21.02.2026 15:44","7","620 455"
"19","S9 .EU","Schwarzer Stier","","s9_eu_g3260","s9_eu_g3260","3260","9","----------Herzlich Willkommen beim schwarzen Stier---------\n\n>~~~~~~~~~~~~~~~Held der Woche  \"Mcelen\"~~~~~~~~~~~~<\n\n               \n\nInteresse an wahnsinnigen Schlachten und ~~~~~~~~~~~~~~~\nWir vom Schwarzen Stier bieten dir momentan:\n>Wöchentliche Gildenauswertung\n>Wöchentliche Krönung des Held der Woche\n>Gildenkämpfe täglich frühs/Abends\n>Goldschatz : 200,0%\n>Lehrmeister: 200,0%\n>Ritterpunkte: 1000\n>Schwarze Steine \n\n\nUnd wenn du bis hier noch Interesse hast schreib einfach ein Offi oder mich, Selion an. Dann freuen wir uns, dich bei uns zu begrüßen.\n\nBis Baldrian :*\n\nxxxxxxxxAktuelle freie Plätze in Aussicht: \"1\"xxxxxxxxxxx","97","50","0","100","10 970","1000","200","200","8","50","Yes","11","Yes","5311","50","450","20","3","9 038","170 936","9 012","143 676","62 883","50","21.02.2026 15:44","9","555 163"
"20","S9 .EU","Alkoholici","","s9_eu_g101","s9_eu_g101","101","10","                               *** ALKOHOLICI ***\n\nHok 1000\t  \t     Černé gemy 50%\t\t      Bonusy 200%\n-------------------------------------------------------------\n\u000b * Delší neaktivitu je potřeba dopředu nahlásit\u000b * Nenahlášená aktivita delší jak 2 dny = kick\u000b * Máme dobrovolnou cechovní skupinu na messengeru. \n   Pro přijetí do skupiny napište hráči Vidy \u000b\u000b                           Cech založen: 5.1.2024","96","50","0","100","10 908","1000","200","200","8","50","No","0","Yes","169","50","449","40","3","8 530","181 258","8 655","150 002","67 950","50","21.02.2026 15:44","11","416 317"
"21","S8 .EU","All That Matters","","s8_eu_g1","s8_eu_g1","1","1","                                        All That Matters\n                                                \n                                                CZ/SK\n                                                    \n                                            [17.11.2023]  \n\n           So close no matter how far, Couldn't be much more     \n\n                                         from the heart. \n\n                            Forever trustin' who we are, and \n\n                                     Nothing Else Matters\n\n                          https://discord.gg/r8SztkeCMF\n                          \n\n\n       ","110","50","0","100","29 867","1000","200","200","19","50","No","0","Yes","878","50","543","60","1","474 203","7 335","7 383","287 437","121 083","50","21.02.2026 15:44","1","3 014 218"
"22","S8 .EU","Freedom","","s8_eu_g46","s8_eu_g46","46","2","Gold/XP :   200%            Freedom    -   Eu8            Portaldmg: 50%\n  \n\nGER/ENG    https://discord.com/invite/3HKGUbbvuz\n                     \n\n\n             \n new records : 19       \n \n Hellevator wins: 7/8                            \n         \n                 ","110","50","0","100","29 424","1000","200","200","18","50","No","0","Yes","121","50","544","66","3","7 795","437 484","7 865","299 017","113 010","50","21.02.2026 15:44","2","2 482 890"
"23","S8 .EU","Loyal Union","","s8_eu_g277","s8_eu_g277","277","3","              oOo~~~~~~~~~~~~~~~~~~~~oOo~~~~~~~~~~~~~~~~~~oOo\n\n                                   We are LOYAL UNION\n\n              oOo~~~~~~~~~~~~~~~~~~~~oOo~~~~~~~~~~~~~~~~~~oOo\n\n       • |EXP: 200%|                                               • |GOLD: 200%|\n                                         • |PORTAL: 50%|\n\n                                       \n    • |BLACK GEMS: 50%|   • |Hydra:19 HEADED|          • |HoK: 1000|  \n                                                                       \n              oOo~~~~~~~~~~~~~~~~~~~~oOo~~~~~~~~~~~~~~~~~~oOo\n\n                                Join us! -> Loyal Union  \n\n                    Our academy is recruiting! -> Loyal Academy  \n\n              oOo~~~~~~~~~~~~~~~~~~~~oOo~~~~~~~~~~~~~~~~~~oOo ","109","50","0","100","17 520","1000","200","200","18","50","No","0","Yes","41","50","530","16","1","382 394","7 269","7 339","268 469","110 626","50","21.02.2026 15:44","3","2 009 307"
"24","S8 .EU","Necropolis","","s8_eu_g41","s8_eu_g41","41","4","  |-<>-<>-<>-<>-<>-<>-<>-============-<>-<>-<>-<>-<>-<>-<>-|\n                                Necropolis - Residents\n  |-<>-<>-<>-<>-<>-<>-<>-============-<>-<>-<>-<>-<>-<>-<>-| \n   \n        [XP  200%]             [Knights 1000]             [GOLD  200%]\n       Portal = 50%          Black gem = 50%         Hydra = 18 head\n------------------------------------------------------------\n------------------------------------------------------------\nBoni. 10/10 – HoK 20 – 320 alu – 50% Mount – daily activity\n           \t[LVL 450+]   [2d+ kick]   [SB 95+%]   [PET 600]\n         Apply here! -> https://sf.zsombey.hu/order_necro","94","50","0","100","16 857","1000","200","200","17","50","Yes","277","Yes","295","50","530","20","3","8 170","365 277","7 981","265 784","105 926","50","21.02.2026 15:44","4","1 815 146"
"25","S8 .EU","Houteiku","","s8_eu_g121","s8_eu_g121","121","5","  \n                                              CZ/SK\n\n\n\n                                   ~ We Love Shrooms ~\n\n\n\n                                  Special thanks to: NDY\n\n\n                              \n\n                                    \n\n\n\n\n\n                 ","87","50","0","100","16 752","1000","200","200","15","50","Yes","46","Yes","720","50","519","20","3","6 780","353 334","6 813","245 894","103 903","50","21.02.2026 15:44","8","910 470"
"26","S8 .EU","Sharks","","s8_eu_g878","s8_eu_g878","878","6"," \t\t\t      ---~*^^*~---\n\t\t\t\t\tSHARKS\n\t\t\t\t\t_______\n\n\tSharks move through the ocean like living questions,\n    reminding us that the unknown is often more elegant, than\n\t\t\t     the answers we chase.\n\n   In their silent persistence, they show that power need not\n      roar - sometimes it merely glides beneath the surface.\n\n\n","107","50","0","100","16 739","1000","200","200","16","50","Yes","1","Yes","930","50","527","100","3","8 173","356 725","8 222","248 391","102 597","50","21.02.2026 15:44","6","1 140 987"
"27","S8 .EU","Czarne Wąsy","","s8_eu_g293","s8_eu_g293","293","7","—————————————————————————————    Czarne Wąsy® since 17.11.2023 from Poland  |  v2 - EU#17\n—————————————————————————————\n              Who we are [link to description]:   t.ly/xcIvs\n—————————————————————————————\n                        Academy  —›  [Bar Czarne Wąsy]\n\n\n                  ¶  1 000 HoK —  non-stop\n                  ¶  Portal — 50% vol\n                  ¶  Hydra — 17x\n                  ¶  Server Discord — Strefa Wąsa;\n                   >  miejsce do integracji, relaksu i motywacji\n\n\u000b   ~~~~~~~~~~~~~~~~~~~~~~~~~~~~~~~~~~~~~~~~~~~~~~~~~~~~~~~~~~~~~~~~~\n         *       Założyciele gildii:  DBZ,  Krzyś\n         *       Naczelnik ds. wymagań:  Razmuś\n         *       Rekrutacja i pomoc:  jakuboss","107","50","0","100","16 547","1000","200","200","17","50","No","0","Yes","1760","50","514","60","1","341 067","7 587","7 625","241 346","99 208","50","21.02.2026 15:44","5","1 384 876"
"28","S8 .EU","PILZHASSER","","s8_eu_g295","s8_eu_g295","295","8"," \n\n ╔══╗╚╗╔╝               ╔╝\n(¯`v´¯)\n╚`  .¸.PILZHASSER & Stammtisch Connection                         \n\n   - Nichts ist garantiert außer das die PILZHASSER bleiben -\n\n\t\t                      EU8 / EU13  \n                                                                                              \n=============================================================\nStats:  200% / 200% /  RH 1000              >>> 1 Platz frei <<<  \n=============================================================                                       \nFür Euch:\n• Aktive Gildengemeinschaft / Discord / Chat \n• Angenehme Atmosphäre, aber aufstiegsorientiert\n• Support und Hilfsbereitschaft\n\n• Dämonenportal 50%\n• Hydra 12-13 Köpfe\n• Black Gems 50% \n============================================================\n\n\n\n                            ","67","50","0","100","15 805","1000","200","200","13","50","Yes","41","Yes","363","50","510","20","3","9 682","311 450","9 719","223 675","92 174","50","21.02.2026 15:44","7","948 104"
"29","S8 .EU","Lusitanos","","s8_eu_g930","s8_eu_g930","930","9","                                       SEMPER FIDELIS\n\n       Em  honra de CaçaPutas, o nosso fundador, e primeiro líder.\n                              \n\n\n                               EXP - 200%           GOLD - 200%\n\n                                             HOK -1000\n\n                                  Portal bonus dmg [50%]\n\n\n\n\nRECRUITING  [ON] 1 Free spot.\n\n\n420+\n\n\n                                            \n\n\n\n\n","105","50","0","100","11 903","1000","200","200","12","50","Yes","878","Yes","69","50","481","80","1","251 471","7 121","7 165","195 980","79 351","50","21.02.2026 15:44","10","683 601"
"30","S8 .EU","WeLegends","","s8_eu_g363","s8_eu_g363","363","10","*~*~*~*~*~*~*~*~*~*~*~*~*~*~*~*~*~*~*~*~*~*~*~*~*~**~*~*~*~*~*~*~*~*~*~ Bonusess 200%                WeLegends                   Portal: 50%\n*~*~*~*~*~*~*~*~*~*~*~*~*~*~*~*~*~*~*~*~*~*~*~*~*~*~*~*~*~*~*~*~*~*~*~*\n                   HoK: 1000 / heads: 8/8 / Black gems: 50%\n  \nConditions: \n- Bonusess 10/10\n~ Level 410+\n~ HoK 20\n~ Guild pet 410+\n~ Activity in fights and Hellevator\n\nIn case of interest, send request to players Wolborg\n\nBlack list - Quistík","98","50","0","100","11 111","1000","200","200","10","50","Yes","295","Yes","752","50","474","33","3","6 914","224 044","7 058","176 959","77 777","50","21.02.2026 15:44","9","764 385"
"31","S7 .EU","Polar Wolves","","s7_eu_g9","s7_eu_g9","9","1","  \n                                        + Polar Wolves +                                                                                               \n                                             \n------------------------------------------------------ \n\n                  BONUSES: 200% I 50% DMG I 1000 HoK       \n                     \n------------------------------------------------------\n\n                     Our second guild - Polar Kingdom   \n                                        \n------------------------------------------------------\n","110","50","0","100","31 592","1000","200","200","19","50","Yes","11","Yes","31","50","544","60","1","438 323","8 681","8 838","305 084","117 582","50","21.02.2026 15:44","1","3 117 561"
"32","S7 .EU","Trinity Force","","s7_eu_g11","s7_eu_g11","11","2","               \t\t    Trinity Force \n------------------------------------------------------------\n\n\t\t\t\t       We Offer\n\t  Gold: 200%  XP:200%  HOK: 1000 Black Gems: 50%\n------------------------------------------------------------\n\n\t  Der Gemüsegarten + VivaLaGamba + Aqua Vitae\n\n------------------------------------------------------------\n\n***New members coming only from our second guild, Trinity Rising. So whoever wants to play with us, needs to join Trinity Rising first.***\n\n--- If you are interested, contact our officers, or Yoris ---\n\t\t\t                            \n                                        \n","109","50","0","100","31 530","1000","200","200","19","50","No","0","Yes","9","50","546","60","1","460 762","8 515","8 133","291 895","118 315","50","21.02.2026 15:44","2","3 033 574"
"33","S7 .EU","Zmijozel","","s7_eu_g91","s7_eu_g91","91","3","                 ******** Víta vás Zmijozel********\n\nJsme nejlepší čistě Československý cech, který to chce někam dotáhnout a zároveň si užít hru .\nPodmínky pro přijetí:\nLvl 480\nSíň rytířů 20\nNáš cech nabízí:\nBonusy: 200%\nSíň rytířů: 1000\n+50% černé drahokamy\nCechovní portál ( poškození ) +50%\n\n","56","50","0","100","21 688","1000","200","200","15","50","No","0","Yes","168","50","511","100","3","8 207","343 851","8 210","236 183","100 629","50","21.02.2026 15:44","3","1 440 455"
"34","S7 .EU","Trinity Rising","","s7_eu_g31","s7_eu_g31","31","4"," \t\t\n                **Welcome to the wall of our beautiful guild!**                            \t                        \n                                         **Trinity Rising**\n\n\nWe're a great bunch of people trying to put a little more into SF than just playing for fun, but we still value our wallets!\n\n  [BONUSES]      [BLACK GEMS]\t     [KNIGHTS]   \t    [DMG]\n       200%\t                 50%\t\t         1000                50%\n\n\n            VivaLaGamba+Aqua Vitae+Der Gemüsegarten\n","97","50","0","100","17 378","997","200","200","10","50","Yes","9","No","-1","50","488","100","3","8 408","266 108","8 695","194 840","86 731","50","21.02.2026 15:44","12","405 285"
"35","S7 .EU","Baumhaus","","s7_eu_g168","s7_eu_g168","168","5","      >>>     Willkommen im BAUMHAUS   ab Lvl  450  !!!  <<<\n\n       Die Aussicht von hier oben ist einfach sensationell !!!\n       \n       Wer noch nicht bei uns ist, verpasst da wirklich was ;)\n\n Wir sind eine voll Ausgebaute Gilde !   GK ca. 7.00 & 18.00 Uhr\n\n       Unsere RHP sind noch etwas variabel, wird aber noch ;)\n\n     Discord : https://discord.gg/xhr8nHtW3T ( kein muss )\n     ~~~~~~~~~~~~~~~~~~~~~~~~~~~~~~~~~~~~~~~~~~~~~~~~~~~~~~~~~~~\n     Von unseren Anwärtern erwarten wir folgendes :\n\n     ~Level 450+!!!         ~RH 20     ~SA: > 90%   ~Pet min. 460\n      Die Teilnahme an Kämpfen wäre TOP ;)\n     ~~~~~~~~~~~~~~~~~~~~~~~~~~~~~~~~~~~~~~~~~~~~~~~~~~~~~~~~~~~\n     Bei Inaktivität ohne Abmeldung erfolgt der Rauswurf !!!\n     \n  Deine Bewerbung bitte an Puppenfee oder einen der Offis!","100","50","0","100","17 369","1000","200","200","12","50","Yes","91","Yes","851","50","479","60","1","249 705","12 797","11 009","187 859","80 646","50","21.02.2026 15:44","4","804 446"
"36","S7 .EU","Polar Kingdom","","s7_eu_g93","s7_eu_g93","93","6"," Willkommen im Polar Kingdom! \n\nWerde ein Teil von uns und begleite Polar Kingdom bei epischen Schlachten!\n\nWir sind auf der Suche nach aktiven deutschsprachigen Spielern:)\n\nSei nicht nur eine Zahl zwischen vielen, sei mehr als das und komm ins Polar Kingdom*.* hier zählt jeder <3\n\nWas haben wir zu bieten?\nEin geniales Volk was ihr,Polar Kingdom wachsen lässt gemeinsam als eine Einheit!\nGoldbonus: 200%         Lehrmeister: 200%        RH:  1000\n                    Black Gems: 50%               Portalbonus 50%\n\n\n                   ***Bewerbungen bitte     \nan Paula oder einen der Offiziere***\n","99","50","0","100","16 367","990","200","200","9","50","No","0","Yes","1388","49","457","80","1","193 814","7 429","7 146","165 355","70 075","50","21.02.2026 15:44","6","589 887"
"37","S7 .EU","POLANDOS","","s7_eu_g851","s7_eu_g851","851","7","Gold  & Exp  200%      KNIGHT: 1000         Portal: 50% \n\nPL / ENG                       Black Gems: 50%     \n\n                  Looking for active players :)     ","79","50","0","100","16 175","979","200","200","10","49","Yes","168","Yes","51","49","480","39","2","8 703","8 550","238 253","194 800","80 648","49","21.02.2026 15:44","5","802 154"
"38","S7 .EU","WinterfeII","","s7_eu_g832","s7_eu_g832","832","8",">-------------------------------------------------------------< \t\t\t\t\tWinterfeII\n>-------------------------------------------------------------<\n                                         Der Winter naht!\n\nWir sind Winterfell und fällen alles was uns im Weg steht!\nKommt uns nicht in die Quere, sonst fällen wir euch wie einen Baum!\n\nWildlinge und andere Leute aus dem Norden sind hier jederzeit willkommen! ;)\n\nGerman speakers only, thank you.\n\nScrollen für mehr info.\n>-------------------------------------------------------------<\n\n\t\t\t\t Was wir bieten:\n\t\t       Gold: 200%  XP:200%  HOK: 987\n\n\t\tBlack Gems: 50%\n\t\tPortal:         50%    \n\t\tDiscord:       https://discord.gg/me5Ue74T9v                  \n\n>-------------------------------------------------------------<\n\nWas wir suchen:\n\nDeutschsprachige u. aktive Spieler / German only\n120 - 320 Alu\n30%-50% Mount\nMindest lvl 370\nAktiv an Kämpfen und Raids\nLangzeitmotiviert!! \n\n>-------------------------------------------------------------<","85","50","0","100","11 969","979","200","200","9","49","No","0","Yes","575","49","466","20","3","8 783","193 966","8 601","158 816","64 313","49","21.02.2026 15:44","10","439 965"
"39","S7 .EU","Black Order","","s7_eu_g1130","s7_eu_g1130","1130","9","                                         /oOO*OOo\\\n\t\t\t       ~>/Black   Order\\<~\n\n                         ~~>International/Polish Guild<~~\n\n[EXP] - 200%                  [HOK:1000]                 [GOLD] - 200% \n\n                         [Portal] - 50%          [Hydra] - 9\n\n                                    [BLACK GEM - 50%]\n\nZasady/Rules:\n\n \n   * Dłuższe nieobecności zgłaszamy radzie gildii / Longer \n\n      absences please report to the officers or Zapała\n\n","53","50","0","100","11 805","977","200","200","8","49","No","0","Yes","1759","49","444","79","2","9 544","9 861","165 125","136 340","64 400","49","21.02.2026 15:44","14","376 643"
"40","S7 .EU","WhiteRaven","","s7_eu_g416","s7_eu_g416","416","10","                                -------------------------\n                                |           WhiteRaven          |  \n                                -------------------------\n\nLOVAGOK: 1000\nGOLD/EXP: 200%/200%\nSEBZÉSBÓNUSZ: 50%\nHYDRA: 9 FEJ\n                                             Elvárások:\n                                       >>   Aktivitás   << \n","97","50","0","100","11 490","940","200","200","8","47","No","0","No","0","47","461","20","3","9 062","185 740","8 975","157 138","71 103","47","21.02.2026 15:44","13","384 063"
"41","S6 .EU","Mandalorians","","s6_eu_g108","s6_eu_g108","108","1","                              —  ||  Mandalorians  || —\n        ————————————————————————\n             —  || MANDALORIANS x DEATH WATCH || ——-\n        ————————————————————————\n\n                                          [GER|EN]\n\nWir bieten:\n- Eine aktive, ambitionierte und nette 320 Alu Gilde\n- 2 Gildenkämpfe pro Tag zu festen Kampfzeiten\n- Einen gemeinsamen DC Server mit Bündnis Death Watch\n- Wöchentliche Gildenstatistiken auf DC\n- Aktiven Gildenchat in der der Spaß nicht zu kurz kommt\n- 20-köpfige Hydra\n","109","50","0","100","29 894","1000","200","200","19","50","Yes","3318","Yes","5","50","548","19","1","447 209","9 034","9 044","320 086","115 779","50","21.02.2026 15:44","1","2 592 665"
"42","S6 .EU","Heroes Voice","","s6_eu_g5","s6_eu_g5","5","2","Heroes Voice invites all active players to join our guild and our alliance with Czarne Wąsy (eu8) and Thanedd (eu5) on fusion server F29. Together we are building a strong, united community and supporting each other in every battle. Join us and become part of our team!","105","50","0","100","29 159","1000","200","200","18","50","Yes","108","Yes","1399","50","544","60","1","424 348","7 420","7 446","300 849","115 262","50","21.02.2026 15:44","2","1 573 531"
"43","S6 .EU","Death Watch","","s6_eu_g1399","s6_eu_g1399","1399","3","                               \n  [F2P Gilde]       >> Death Watch <<       [Deutsch-English] \n [Gilden - Allianz] >> Mandalorians<<\n________________________________________\n\nDämonenportal:     Abgeschlossen\nSchwarzer Stein:    50%\n\n[Datum: bis - ]\nAnforderung:                     Aktuell:\nGoldschatz  : -                  200,0%\nLehrmeister:  -                  200,0%\nRitterhalle:    -                  1000 P.\n\nMount:              30%\nPet:                    450\nSammelalbum:  90+%\nGildenpräsenz + aktives spielen\nTeilnahme bei Kriegen verpflichtend (Mo- Fr 6 & 18 Uhr)\n\n————————————————————————\nBewerbung per Post o. Discord\n\n[Discord Link]\nhttps://discord.gg/nQuaCBWe\n______________________________________\nAbmeldungspflicht besteht!\n(1T inakt. ohne Abmeldung -> kick)","93","50","0","100","17 481","1000","200","200","12","50","Yes","5","Yes","2509","50","480","80","1","255 738","7 973","7 963","189 103","82 794","50","21.02.2026 15:44","3","945 175"
"44","S6 .EU","Anarchy","","s6_eu_g57","s6_eu_g57","57","4","                                        >>->   Anarchy   <-<< \n                                               Cz/Sk cech\n\n50% bonus portál, 1000 rytířů\n\nNěkteré guildy se rozpadly, jiné zanikly, hráči si dali pauzu. My jsme 100% aktivní česko slovenský cech, jsme Anarchy! Nyní nadešla ta pravá chvíle, kdy rozšířit naše řady. \n\nPodmínky přijetí: 100% aktivní, full, not hiring\n\nDenní aktivita\n50% mount \n370 lvl \n\n\nhttps://discord.gg/ZZP43f2hk","100","50","0","100","17 453","996","200","200","12","50","No","0","Yes","140","50","496","60","1","284 307","8 578","9 044","216 996","91 588","50","21.02.2026 15:44","6","659 718"
"45","S6 .EU","OGRODY","","s6_eu_g238","s6_eu_g238","238","5","                       TO OGRODY NADAŁY NAM TAKIE FLOW\n       https://www.youtube.com/watch?v=vWtZ3_nDguY&t=925s                                               \n       \n  \"Lojalność jest zawsze dobrą cechą. Jedynym błędem, jaki                     możemy popełnić, jest nasz wybór i to, komu ją okażemy.\"\n\n\"Loyalty is always a good trait. The only mistake we can make is our choice and who we show our loyalty to.\"\n\nOFERUJEMY:\nTrener: 200%     Skarbiec: 200%     Rycerze:1000  Portal: Done\n                                  \nOCZEKUJEMY:                                               \n-Aktywnośći wraz z 3 potkami (L-XL)                  \n-Klaser 95%\n- min. 430 lvl \n-Wierzchowiec 50%    \n-Salka 20\n-Wyprawy poranne: godz 6 - wyprawy wieczorne godz. 18\n\n                                   11.10.24 TOP3\nKładziemy nacisk na umiarkowaną gre, topka przyjdzie z czasem! \nZapytania o dołączenie proszę kierować do Damianici.","105","50","0","100","17 388","1000","200","200","12","50","No","0","Yes","1421","50","474","80","1","238 412","7 751","7 853","189 530","81 364","50","21.02.2026 15:44","4","724 827"
"46","S6 .EU","Schattendrachen","","s6_eu_g140","s6_eu_g140","140","6","                              Schattendrachen\n------------------------------------------------------------\nBonus :200%    RH : 998  Portal  50%                \nschwarze Steine: 50%     Hydra: 7\ndeutsche Gilde/  0 Plätze  /Bewerber : 0\n\nKampfzeiten : 7 Uhr / 19 Uhr\nUnter dem Banner der Schattendrachen verbünden\nsich alle Krieger und Söldner um Gemeinsam die Dungeons zu bezwingen.\n\n- habt Spaß am Game\n- Chat ist für alle da, bleibt entspannt\n- Jeder ist Willkommen\n- F2P oder 320 Alu-Spieler\n- bei mehr als 3 Tage, bitte Abmelden ","100","50","0","100","16 681","990","200","200","9","50","Yes","57","Yes","1902","49","474","18","1","220 128","10 199","9 948","174 496","74 445","50","21.02.2026 15:44","5","718 951"
"47","S6 .EU","Liboví Odpadlíci","","s6_eu_g2509","s6_eu_g2509","2509","7","------------------------------------------------------------                                  > Liboví Odpadlíci < \n------------------------------------------------------------\n\n\n                     Kdysi vyhnaní, dnes nepostradatelní.\nNepatříme mezi urozené, ale na bojišti si nás všimne každý.\nZe stínů krčmy, ze dna podsvětí, z chaosu i srandy povstali jsme – liboví, protože svět si nás nepřál... a teď za to platí. \nProšli jsme Cestou do Mordoru, poznali temnotu i světlo — a teď kráčíme dál, bok po boku, proti všem, kdo se nám postaví.\n\n                  Přidáš se, nebo padneš proti nám?","98","50","0","100","14 381","980","200","200","8","49","Yes","1399","Yes","3559","49","450","20","3","7 686","185 184","7 769","148 789","70 153","49","21.02.2026 15:44","7","464 422"
"48","S6 .EU","FINAL FANTASY","","s6_eu_g1421","s6_eu_g1421","1421","8","~ OFFICIAL FINAL FANTASY FUN GUILD ~ ENG / GER ~\n\n~ Black Gems Enabled\n~ Gold.         + 1000 max. \n~ XP.            + 1000 max. \n~ Knights:     :  959\n~ Raids         :  64/150\n~Demon Portal Defeated \n\n~ Daily Active Since Server Launch \n\n~ FEEL FREE TO JOIN! \n\n~ https://discord.com/invite/SXe9YRA7He\n\n~ #F11  Link_To_The_Past\n\n~ Guild Mascot TekkaiZombie <3","64","50","0","100","14 330","959","200","200","8","50","Yes","238","Yes","117","48","427","20","3","9 727","147 209","9 103","117 525","58 479","50","21.02.2026 15:44","11","301 398"
"49","S6 .EU","YOLO","","s6_eu_g3559","s6_eu_g3559","3559","9","                Treasure             YOLO                   Trainer\n                Skarbiec            PL/ENG                   Trener\n                  200%             Knights:1000            200%\n\n                        Portal: 50%         Dungeons 86/150\n\n                                    BLACK GEMS 50%   \n              DISCORD LINK: https://discord.gg/FgyKctMSck\n\n      Wymagamy / Requirements:\n   -Codziennej Aktywności / Daily activity\n   -Min. 20 Rycerzy / Min. 20 Knights\n   -Zgłaszanie się do każdej bitwy / Entering battles\n   -Klaser min. 90% / Scrapbook min. 90%\n   -Min. 380 lvl\n   -Wierzchowiec min 30% / Mount min 30%\n   -Stopniowe ulepszanie pupila gidyjnego\n   -Ulepy 10/10\n  \n","96","50","0","100","13 525","992","200","200","7","50","Yes","2509","Yes","116","49","440","20","3","8 664","146 806","8 900","126 419","60 922","50","21.02.2026 15:44","8","347 461"
"50","S6 .EU","Hz der Taverne","","s6_eu_g5874","s6_eu_g5874","5874","10","Wilkommen im Hinterzimmer der Taverne, wo nicht mal der Würfelspieler sich hinein wagt.\n    \t     )¯)    \n         )¯)  )¯)   )¯)\t\t       \n   ____I___I___I____\t\n~~\\Hz_der_Taverne/~~\t\n\nhttps://discord.gg/pEQmHvKd\n\nAm Renovieren\n    Info-Box  ¯\\_(ツ)_/¯\n\tDmg  +50%    \n\tGem  +xx% fluktuiert    \n\tGold + 50%    \n\tExp  + 50%   \n\tKH    >+800\n\tBest Pos. 7","78","50","0","100","13 405","826","200","200","7","47","No","0","Yes","3652","37","419","20","3","13 571","129 576","13 363","109 816","56 075","47","21.02.2026 15:44","15","222 547"
"51","S5 .EU","Tavernenflotte","","s5_eu_g136","s5_eu_g136","136","1","Sucht man einen gesetzlosen Schurken oder will man sich auf ein heikles Geschäft mit einer Bande Piraten einlassen, dann ist man bei der Tavernenflotte genau richtig. Kein anderer Ort im Ozean ist so berüchtigt wie diese schwimmende Gaststätte. Bekannt für endlose Nächte und reichlich Gebräu, gilt diese Flotte als Treffpunkt für die Unterwelt.\n\nDas bieten wir:\n- maximale Boni\n- eine aktive Gemeinschaft\n- Discord Server mit Statistiken\n\nGründungsdatum: 24.09.2023\n\n\nUnsere Flotte gibt es auch auf F26 & F27.\n\nUnser Regelwerk steht im Discord unter:\n- Gildenkult --> Regelwerk\n","107","50","0","100","36 377","1000","200","200","19","50","No","0","Yes","14","50","566","84","1","536 347","8 723","8 706","375 611","124 148","50","21.02.2026 15:44","1","2 687 483"
"52","S5 .EU","Heimathafen","","s5_eu_g27","s5_eu_g27","27","2","Jeder Reisende braucht einen Anker. Eine Heimat, in der man sich mit seinen Gefährten bei Speis und Trank niederlassen kann. \nDer Heimathafen bietet Rast für jeden Helden, der Bedeutendes leisten will. \n\n\nPartnergilde der Tavernenflotte.\n\n\nWir bieten:\n- eine gute Gemeinschaft mit Langzeitmotivation \n- Goldschatz 200% \n- Lehrmeister 200% \n- Portalbonus 50% (Waffenschaden) \n\n\nRegeln:\n\n- Abmelden bei längerer Inaktivität als einen Tag\n- Zu Kämpfen und Verteidigung melden ist Pflicht (ohne Farmequip!)\n- 3 korrekte große Tränke \n- Rundmails nur nach Absprache mit den Offizieren oder der Leitung\n- mindestens 50% Mount","107","50","0","100","22 583","1000","200","200","18","50","No","0","Yes","28","50","547","18","1","426 656","8 142","8 318","288 915","111 946","50","21.02.2026 15:44","3","1 535 034"
"53","S5 .EU","Order 66","","s5_eu_g14","s5_eu_g14","14","3","  |-<>-<>-<>-<>-<>-<>-<>-============-<>-<>-<>-<>-<>-<>-<>-|\n                                  Order 66 - Soldiers\n  |-<>-<>-<>-<>-<>-<>-<>-============-<>-<>-<>-<>-<>-<>-<>-| \n   \n         [EXP  200%]            [Knights 1000]            [Gold  200%]\n         Portal = 50%          Black gem = 50%    Hydra = 18 head\n------------------------------------------------------------\n------------------------------------------------------------\n  Boni. 10/10 – HoK 20 – 320 alu – 50% mount – daily activity\n           \t[LVL 540+]   [2d+ kick]   [SB 95%+]   [PET 600]\n             Apply here! -> https://sf.zsombey.hu/order_necro","96","50","0","100","22 114","1000","200","200","17","50","Yes","136","Yes","88","50","549","54","3","7 950","439 847","8 326","296 464","110 744","50","21.02.2026 15:44","2","1 879 083"
"54","S5 .EU","EcoLand","","s5_eu_g28","s5_eu_g28","28","4","27.12.23: Ecomasters + DeadLand = EcoLand\n\nCZ/SK only\n\nDiscord: https://discord.gg/r8SztkeCMF\nPro získání přístupu do cechovních místností napište Kugymu (na Discordu)\n\nNáborář a kontrolor aktivity: Andrejkou\nPlánovanou neaktivitu delší než 24h prosím hlaste dopředu!\n\nMinimální vstupní požadavky:\nLevel: 430\nHoK: 20\nCechovní mazlíček: 520+\nGriff + 320 touhy denně (alespoň o víkendech)\n\nNáš druhý cech: Hospůdka\nPokud nesplňujete požadavky, neváhejte se hlásit tam :)","108","50","0","100","19 324","1000","200","200","17","50","Yes","27","Yes","35","50","536","19","1","414 121","7 488","7 508","264 393","105 903","50","21.02.2026 15:44","4","905 315"
"55","S5 .EU","Thanedd","","s5_eu_g88","s5_eu_g88","88","5","                ------->>>Thanedd & Gors Velen<<<-------\n                        Founders: Aelirenn & Avallac`h co.\n                            \nApplying to Thanedd, you're aiming high:\n\n\t\t* 200% gold and exp          \n\t\t* 50 % portal bonus\n\t\t* 50x HoK 20\n       \n                  Enjoy your play!\n                             \n","97","50","0","100","15 874","1000","200","200","16","50","Yes","14","Yes","141","50","526","20","3","8 711","354 339","8 843","278 857","103 817","50","21.02.2026 15:44","5","817 906"
"56","S5 .EU","Heldenschmiede","","s5_eu_g35","s5_eu_g35","35","6","                             Welcome to Heldenschmiede\n                                          [GER / ENG]\n-------------------------------------------------------------\n   [Bonus: 200%]                [HoK: 1000]                [Portal: Done]\n-------------------------------------------------------------\n\n                       --->  !!!  [FREE SLOTS: min. 2]  !!!   <---\u000b                             --->  !!!  [APPLY NOW]  !!!  <---","106","50","0","100","12 733","980","200","200","14","49","Yes","28","Yes","110","49","498","80","1","277 504","8 378","8 703","221 820","88 040","49","21.02.2026 15:44","8","683 591"
"57","S5 .EU","Black Wings","","s5_eu_g141","s5_eu_g141","141","7","POLISH                            BLACK WINGS.                      ENGLISH\n\n\n\nPortal: 50% (N/A)               Knights: 1000                 Hydra: 14\n\n3 Days AFK without any word = KICK           ","106","50","0","100","11 989","1000","200","200","12","50","Yes","88","Yes","1037","50","495","80","1","275 111","7 783","7 758","197 970","82 004","50","21.02.2026 15:44","6","766 155"
"58","S5 .EU","Schattendrachen","","s5_eu_g110","s5_eu_g110","110","8","\"Sei uns willkommen bei den Schattendrachen!\nNimm deinen Platz ein an unserem dunklen Tisch\nund gemeinsam werden wir plündern und rauben!\"\n\n07.07.23 gegründet 15.11.23 Neugründung \n\n     Portal: 50%   Bonus: 200%  GPet: 410   Hydra :7x head    HoK: 991  Black Stones: 50%\u000b\u000b\u000b\t\t!! Bewerbungen willkommen !!  \u000b\t\t\tPlätze 3 Bewerber 0\n\nPartnergilden/Drachen-Allianz : Elbgilde, Der Saftladen und Morgenröte\n\nFusionen mit : Wächterschmiede,Wächter der Styx,Invictus Dampfpiraten \n\n\n\n","81","50","0","100","11 876","994","200","200","10","50","Yes","35","Yes","1390","50","478","20","3","10 945","219 332","11 258","193 545","76 844","50","21.02.2026 15:44","7","693 309"
"59","S5 .EU","Hustlerzy","","s5_eu_g1037","s5_eu_g1037","1037","9","WITAMY W GILDII HUSTLERZY!\n\nWELCOME TO THE HUSTLERS!                   \n\n\t\t\t\t\t\n[BONUS 200%]  [HOK 1000]  [PORTAL 50%]  [HYDRA 10-12]\n\n\nW sprawie rekrutacji proszę kontaktować się z dowódcą :)\n\nFor recruitment, please contact the leader directly :) \n\n\n---\nDISCORD: https://discord.com/invite/Zxf5vER8M9","104","50","0","100","11 259","1000","200","200","10","50","Yes","141","Yes","469","50","463","60","1","202 739","10 205","10 101","172 893","76 380","50","21.02.2026 15:44","9","429 191"
"60","S5 .EU","Hospůdka","","s5_eu_g1390","s5_eu_g1390","1390","10","               < < < <————<  Hospůdka >——> > > >\n  <><——— V hospodě se chlastá, tak žádný flákání ———><>\n        <><-- Bonusy >--< Rytíři >--< Portál >--< Hydra --><>\n                  200%           1000          50%             8 \n                                    \n  \n<><----------------------------------------------------------><>\n                       \n                          <><—- požadavky pro přijetí—-><>\n\n<><—-          Lvl. 350      Rytíři - 20   Gold/xp - 10/10   Mazel 400lvl      —-><>\n\n            <><—-Žádosti posílejte: airmen —-><>\n            <><—- Omluvenky posílejte někomu z vedení. \n                            Nedostatečná aktivita = KICK. \n                             <><——————————><>\n\nNa čepu: Radegast 10°- Příjemná chuť chmele s příjemnou hořkostí. Radegast 12° a Ratar pro milovníky sladké hořkosti.","97","50","0","100","11 237","1000","200","200","10","50","Yes","110","Yes","1004","50","458","20","3","10 604","189 718","11 291","156 747","69 481","50","21.02.2026 15:44","11","338 104"
"61","F28 .NET","Poena Capitis","","f28_net_g22","f28_net_g22","22","1","    \t\t\tPOENA CAPITIS x THE VOID\n\n    The time for your redemption has come - Poena Capitis\n                           \n\n\nBONUS > 200%       ·         HOK 20 > 50      ·        PORTAL > 50%\n \n   GOLD BACKGROUNDS > 12/12       ·        HYDRA > 20 HEADS\n\n\n\n                      Recruitment  -  sex0n, magic, Eyliaz\n         Requirements  -  Level 555+ · HoK 20 · Guild Pet 600\n\t\t\t\t320 thirst · Joining 2 fights a day\n\n\t\t        \n \u000b-> 2nd Fastest ever 500 avg lvl reached - 715 days (20.12.24)\u000b-> (ex)Record fastest raid 100 beaten - 537 days (25.06.24)\n-> First guild with average level 300 on EU1 (12.02.23)\u000b-> First guild with average level 400 on EU1 (14.09.23)\u000b-> First guild with Demon Portal finished on EU1 (13.05.23)\u000b-> First guild with HoK 1000 on EU1 (25.07.23)","111","50","0","100","33 672","1000","200","200","19","50","No","0","Yes","179","50","586","19","1","631 962","7 297","7 258","427 974","140 033","50","21.02.2026 15:44","2","4 333 860"
"62","F28 .NET","The Void","","f28_net_g5452","f28_net_g5452","5452","2"," \t\tTHE VOID x POENA CAPITIS\n\n\t\t~ The Void will never accept defeat! ~\n\n\n\n\n             BONUS > 200%         ·         HOK 20 > 50\n\t    PORTAL > 50%          ·         HYDRA > 20 HEADS\n\n\t\tRecruitment  -  dex0n, magic\n\tRequirements  -  Level 555+ · HoK 20 · Guild Pet 600\n                \t\t\t320 thirst · Joining 2 fights a day\n\n\n\n","105","50","0","100","33 404","1000","200","200","19","50","No","0","Yes","110","50","585","19","1","607 543","8 752","8 763","423 915","136 472","50","21.02.2026 15:44","3","4 270 830"
"63","F28 .NET","Welten im Wandel","","f28_net_g9108","f28_net_g9108","9108","3","                \n                                     UNITED WE STAND\n                                       divided we fall\n\t\t\t\tWelten im Wandel\n\n\n      \t\t\t10x HELLEVATOR GOLD EU3\t\t\n\n\n\n\n\t\t\thttps://discord.gg/UW6KJwTA","113","50","0","100","32 220","1000","200","200","19","50","No","0","Yes","15060","50","578","99","1","554 680","7 941","8 108","389 701","123 774","50","21.02.2026 15:44","4","4 062 698"
"64","F28 .NET","Asylum","","f28_net_g179","f28_net_g179","179","4","                                     _________________\n           »»—------------[|     A S Y L U M     |]——------------««\n                              ¯¯¯¯¯¯¯¯¯¯¯¯¯¯¯¯¯¯¯¯¯¯¯\t\t\t\n\t\t\t\t\n                        undefeated Raid 50 record holder\n\n       BONUSES 200%      PORTAL 50%      HYDRA  20 HEADS\n\n             Recruitement: Araton\n             Requirements: Level 550+, HOK 20, Guild Pet 600\n\n \n\n\n\n\n","101","50","0","100","30 330","1000","200","200","19","50","Yes","22","No","-1","50","581","18","1","592 704","8 007","8 040","393 784","133 333","50","21.02.2026 15:44","5","3 468 021"
"65","F28 .NET","Legion Z","","f28_net_g15060","f28_net_g15060","15060","5","                         GenerationZ x Die Legion\n\n                     The best are not always the first\n\n                        .+*^*+._.+*^*+._.+*^*+._.+*^*+.\n                                    [ LEGION-Z ]\n                        .+*^*+._.+*^*+._.+*^*+._.+*^*+.\n                           join us or get behind us \n\n                         German/International Guild \n\n                                  Wir sind Gruppe.            \n","109","50","0","100","29 192","1000","200","200","19","50","Yes","9108","Yes","14265","50","568","19","1","494 428","8 090","8 137","374 336","124 657","50","21.02.2026 15:44","6","2 771 890"
"66","F28 .NET","Erben im Wandel","","f28_net_g14265","f28_net_g14265","14265","6","                                            Dead End\n\n                    Facing the inevitable end, united like always!\n\n    United in memory of Order66 / UndeadArmy / Outer Banks\n    \n                           https://discord.gg/AfACY4zm6Y      \n\n                 [ BORN 26.05.2023       REBORN 14.07.2025 ]\n\n                                The best are always first\n                                          \n                         Hell Attack Raid 5 cleared 30.05.2025","107","50","0","100","29 148","995","200","200","19","50","Yes","15060","Yes","9166","50","557","80","1","448 932","8 092","8 215","328 820","115 368","50","21.02.2026 15:44","7","2 300 732"
"67","F28 .NET","IMPERIUM","","f28_net_g110","f28_net_g110","110","7","  EXP: 200%                          HOK: 1000                GOLD: 200%\n                                  \n                                             Portal: 50%                              \n                                   \nWYMAGANIA : \n- Wierzchowiec 50%\n- Klaser 90%\n- Hok 20\n- Pupil 600                             \n\n                                     \n                  MIN - 500+ LVL   :)            REKRUTACJA - Mefisto     \n\n                           \n   \n          ","99","50","0","100","27 726","1000","200","200","19","50","Yes","5452","Yes","5439","50","572","60","1","524 847","8 304","8 216","368 261","128 864","50","21.02.2026 15:44","8","2 267 389"
"68","F28 .NET","Rebirth","","f28_net_g5439","f28_net_g5439","5439","8"," \t\t~ Rebirth ~ (ex. Graviora Manent)\n        \t\t\t\tInternational Guild\n\nMultilingual recruitment: Bluemagician/Damianici/Aureole/Tebigin\n\nGold/Exp: 200%\t\tPortal: 50%\tHoK 1000\tHydra: 20\n\n\t\t\tDaily/weekly/monthly statistics.\n\t\t\t\tGuild language: ENG\n                                  \t\n\t\t\t\t\tREQUIREMENTS:\n- Loyalty\n- lvl 530+\n- min. 20Hok\n- Active development and participation in Hellevator\n- login twice a day for 2x attack / defend\n- all XXL Potions\n- 320 thirst\n- 50% Mount\n- S-Book 90%","105","50","0","100","24 355","1000","200","200","19","50","Yes","110","No","-1","50","555","80","1","440 019","10 567","11 318","325 587","120 072","50","21.02.2026 15:44","9","1 825 533"
"69","F28 .NET","Hangover","","f28_net_g32","f28_net_g32","32","10","============================================================                                            Hangover\n                                          --CZ/SK--\n============================================================\n\n        XP 200%                   HoK - 1000                 GOLD 200%\n\n                                         Portál - 50%\n\n                     HoK 15 - 50x                    HoK 20 - 50x\n\n                                        Hydra - 19 hlav\n============================================================\n\n************************** Nábor otevřen **************************\nPožadavky pro přijetí:\nBonusy - 10/10\nHoK - 20\nAlbum - 90+%\nLevel - 520+","100","50","0","100","23 633","1000","200","200","19","50","No","0","No","-1","50","545","60","1","444 639","9 749","9 618","303 329","115 115","50","21.02.2026 15:44","11","1 274 472"
"70","F28 .NET","Die Legion","","f28_net_g11896","f28_net_g11896","11896","11","---------------------------------------------------------------                            \n                                         -> DIE LEGION <-\n---------------------------------------------------------------                                        \n     \u000b            Wir bieten:                                               Wir fordern:\u000b           200% GS/LM                                       320 Abenteuerlust\n       Achtköpfige Hydra                                   50% Reittier\n       50% Gildenportal\t\t\t\t\t  Ritterhalle 20              \t    50x RH 20                                                Top Tränke                                  \n               Discord                                             Kampfbeteiligung\n\n---------------------------------------------------------------\nWir wollen auf EU10 nocheinmal eine Legion gründen. Wer lust hat dabei zu sein, kann sich gerne Melden.\n---------------------------------------------------------------                                     \n                                       gegründet: 05.05.23","109","50","0","100","23 532","1000","200","200","13","50","No","0","Yes","166","50","515","19","1","301 917","16 370","16 011","227 539","93 653","50","21.02.2026 15:44","28","660 934"
"71","F28 .NET","Sladký domov","","f28_net_g9126","f28_net_g9126","9126","12"," Pokud je zájem o vstup stačí přijmout volnou pozvánku \n\nNábor: Vůdce ,důstojníci\n                        \nPODMÍNKY: Level 350 , 20 Rytířů , Cech. Mazel 475+, Album 98%\n\nNÁBOR otevřený\n\n\nhttps://discord.gg/8emcWc87wu","104","50","0","100","22 246","526","154","157","5","27","Yes","190","Yes","9128","27","427","20","3","13 988","124 972","13 712","107 310","56 684","27","21.02.2026 15:44","99","148 232"
"72","F28 .NET","Marathon Runners","","f28_net_g86","f28_net_g86","86","13","                                  Marathon runners \n                                        \n                                      \n                                   Hydra:  18  heads\n\n              \"Ez a játék nem egy sprint, hanem egy maraton\"\n                     \"This game is marathon not a sprint\"","106","50","0","100","22 194","1000","200","200","18","50","No","0","No","-1","50","546","19","1","428 240","10 578","10 595","293 932","109 324","50","21.02.2026 15:44","15","1 030 525"
"73","F28 .NET","Magic Mushrooms","","f28_net_g6","f28_net_g6","6","14"," \n                                       Magic Mushrooms\n\n             LM/GS: 200% | RH: 1000 | Hydra: 19 | Portal: 50%\n\n                                             Über uns:\n\nWir sind ein lieber Haufen von Leutchen, die gemeinsam ein wenig S&F daddeln möchten. Ganz vorne steht bei uns der Spielspaß. Stress gibt es hier nicht c:. \nTrotzdem ist natürlich ein gewisser Ehrgeiz vorhanden.\nDazu legen wir sehr viel Wert auf Kommunikation und Transparenz.\n\nWenn auch Du in unserem gemütlichen Pilzwald mitmischen möchtest bewirb dich jederzeit gerne bei Flylai.\n\n                            Wir freuen uns auf Dich! c:\n\n\n\n\n\n\n\n\n\n\n","110","50","0","100","21 998","1000","200","200","18","50","No","0","Yes","5741","50","550","19","1","411 771","9 741","9 862","309 246","113 883","50","21.02.2026 15:44","19","856 697"
"74","F28 .NET","CZSK Elite","","f28_net_g9207","f28_net_g9207","9207","15","                                  CZSK + Czech Legion\n\n                       > Nejaktivnější CZSK cech na EU3 <\n\n[ NABÍZÍME ]\n\n1000 Rytířů \n•GOLD/XP   200% 200%\n•Cech. portál 50%\n•Hydra 18\n•Black gems 50%\n•Přátelskou atmosféru:)\n\n! Neaktivita delší než 2 dny bez omluvy = KICK !\n\nRIP: RozmrDany, Krajda, Thebest1\n","76","50","0","100","21 075","1000","200","200","18","50","No","0","Yes","9698","50","528","19","1","367 378","11 068","11 447","269 625","103 875","50","21.02.2026 15:44","10","1 466 783"
"75","F28 .NET","Los Kneipos","","f28_net_g5741","f28_net_g5741","5741","16","                              \t <<>>\n\t\t\t   LosAmigos x Stammkneipe\n------------------------------------------------------------\n\t\t\t\t    What we offer:\n\n                 200% EXP        1000 Knights        200% GOLD\n\t\t\t\t\n\t              50% Portal     Hydra: 14    50 x HOK 15\n------------------------------------------------------------\n\t\t\t\t    Requirements:\n\t\t\n\t\tLevel 480+            20 HOK            Petlevel 450+\n------------------------------------------------------------\n\t We also have a Discord-Server with daily statistics! \n         If you would like to join, just message the guild leader.\n\t\t\t\n\t\t     ","57","50","0","100","20 127","1000","200","200","13","50","Yes","6","Yes","5422","50","517","20","3","9 763","325 228","9 851","263 148","98 613","50","21.02.2026 15:44","18","861 248"
"76","F28 .NET","Ballers","","f28_net_g12128","f28_net_g12128","12128","17","                            *** FREE SLOTS: 0 ***\n\nCurrent guild stats:\n\nGOLD:  200%\n\nEXP:  200%\n\nRAIDS:  94\n\nBLACK GEMS: 50%\n\nLooking for friendly and active members, willing the path upwards and grow together.\n\n\nRequirements to join:\n430LVL \n10/10\n20HoK\nDAILY ACTIVITY\n \n                             RECRUTATION: \n*Tarczixx \n*Mediatus\n  ","97","50","0","100","20 111","980","200","200","13","49","No","0","Yes","9255","49","524","40","3","8 469","342 050","8 510","251 774","98 889","49","21.02.2026 15:44","29","633 743"
"77","F28 .NET","FASNE MJUTY","","f28_net_g9166","f28_net_g9166","9166","18","We are international, stable and quickly developing guild.\nActive players welcome:\n\nWE REQUIRE:\n-480lvl,\n-HoK 20, \n-upgrades 10/10,\n-mount 50%,\n-full potions,\n-scrapbook 95%,\n-high activity (1d=kick)\n\nWE OFFER:\n-HoK 15 x 50,\n-200% GOLD,\n-200% EXP,\n-HoK 1000,\n-portal 50%,\n-daily attacks and raids,\n-unique atmosphere:)\n\n×Recruitment - Tuszyciel\n*Contact for English-speaking people - justavoidloadscr\n*Contact for Italian/German-speaking people - Zirob\n\n\nALL QUESTIONS TO LEADER AND OFFICERS","107","50","0","100","20 069","1000","200","200","13","50","Yes","14265","Yes","14501","50","520","20","3","9 287","331 051","9 340","251 240","98 240","50","21.02.2026 15:44","26","689 374"
"78","F28 .NET","LOVE DREAMS","","f28_net_g5422","f28_net_g5422","5422","19","***                         Vítejte v cechu LOVE DREAMS      \n\n           !!!!!!!!!!!!!  NABÍRÁME CZ/SK HRÁČE  !!!!!!!!!!!!!!\n                 ***\n***                                                                                                 ***\n***                                           ***\n=-=-=-=-=-=-=-=-=-=-=-=-=-=-=-=-==-=-=-=-=-=-=-=-=-=-=-=-=-=-=-\n\n*** VYŽADUJEME ***                   *** NABÍZÍME ***                        ***\n*** Aktivitu                               portál 50%          *** \n*** 300 TOUHY!!             Super kolektiv, který hře rozumí         ***\n*** LVL 400+                                                 ***\n*** Rytíři 20\t                      rady, tipy, pomoc                        ***\n*** Zvíře 50%                           zábavný chat 24/7                      ***\n=-=-=-=-=-=-=-=-=-=-=-=-=-=-=-=-==-=-=-=-=-=-=-=-=-=-=-=-=-=-=-\n***      Zaujal Tě náš cech? Napiš vůdci, nebo důstojníkům      ***\n","91","50","0","100","19 961","1000","200","200","13","50","Yes","5741","No","-1","50","508","20","3","8 605","319 423","9 073","236 093","97 794","50","21.02.2026 15:44","22","759 068"
"79","F28 .NET","Der weiße Lotus","","f28_net_g10394","f28_net_g10394","10394","20"," \t\t        ^.^--------^.^--------^.^\n                                     |  DER WEIßE LOTUS  |\n                                   ^.^--------^.^--------^.^\n\t\t      Bester Rang 5 \t\tHellevator 5\n\nWir sind eine deutschsprachige Gilde und haben das Ziel               dauerhaft in der TOP 10 vertreten zu sein\n\n   ^.^-------^.^-------^.^ Wir bieten dir ^.^-------^.^-------^.^\n          | GOLD/EXP |   | RITTER |     | PORTAL |   | HYDRA |\n                 200%\t        1000      \t  50%\t             18\n\n             Discord-Server -> https://discord.gg/7YtXcBAa4d\n\n ^.^------^.^------^.^ Wir erwarten von dir ^.^------^.^------^.^\n| LEVEL |   | ALU |   | REITTIER |   | ALBUM |   | RITTER |  | GildenPet |\n   480+      120+   30% o. 50%     90%+\t      20          auf Max.                                                                   \n\nStartzeiten der Angriffe täglich ca. 4-7 Uhr und ca. 15-18 Uhr\n\nBei längerer Inaktivität (2 Tage) oder mehrmals für ein Tag offline sein, ohne Abmeldung, erfolt der Kick.\n\nWir suchen öfters neue Mitstreiter, sende deine Bewerbung einfach an Pulsar oder Saphyre","52","50","0","100","19 816","1000","200","200","17","50","No","0","Yes","1661","50","528","80","1","327 746","11 701","11 194","254 004","98 188","50","21.02.2026 15:44","12","1 223 174"