,,,Dungeon Pause open XP Calculator,,,,,"If formatting is broken or the calculation of cells are messed up due to user mistakes in dragging cells overtop each other, let me know in Discrd so I can reset it. -Vaaz",,,,,,,last updated :,,,,,,,,,,,,27.11.2025
,,,,"Edit the highlighted ""Drop down Menus"" to your currently still open Dungeons, to find your easily achieveable Levels at the end of your DP!",,,,,,,,,,,,,,,,,,,,,,,
,,,,"The recommended ""To"" values after clicking the RESET BUTTON are set with a Battle Mage with normal Mine and no heavy shrooming as a base value, so you can add a few levels on top if you are a heavy shroomer or have a strong PvE Class.                                  With the new Item Quality rework even more is possible to clear, benchmark will get updated after further testing.",,,,,,,,,,,,,,,,,,,,,,,
,,,,,,,,,,,,,,,,,,,,,,,,,,,
,,,,,,,,,,,,,,,,,,,,,,,,,,,
,,Light World,From,To,Sum XP,,Shadow World,From,To,Sum XP,,Special Dungeons,From,To,Sum,,,Light World Data (Hidden),,,,Shadow World Data (Hidden),,,,,
,13,Dragon's Hoard,-,-,0 XP,,Dragon's Hoard,-,-,0 XP,,Twister,486,1000,"15,399,319,254 XP",,,,,,,,,,,,
,14,House of Horrors,-,-,0 XP,,House of Horrors,-,-,0 XP,,Continuous Loop of Idols,6,15,"2,908,088,681 XP",,,13,Dragon's Hoard,,,13,Dragon's Hoard,,,,
,15,The 13th floor,-,-,0 XP,,The 13th floor,-,-,0 XP,,Sandstorm,-,-,0 XP,,,,1,14222021,,,1,105514978,,,
,16,The 3rd League of Superheroes,-,-,0 XP,,The 3rd League of Superheroes,1,10,"2,799,720,599 XP",,Sum Total Special,,,"18,307,407,935 XP",,,,2,15166093,,,2,110532270,,,
,17,Time-honored School of Magic,-,-,0 XP,,Time-honored School of Magic,1,10,"3,000,000,000 XP",,Credit to Timhot3p,,,,,,,3,16166597,,,3,115770753,,,
,18,Hemorridor,-,-,0 XP,,Hemorridor,3,10,"2,316,669,892 XP",,,,,,,,,4,17216101,,,4,121195386,,,
,19,Easteros,-,-,0 XP,,Easteros,6,10,"1,500,000,000 XP",,,,,,,,,5,18327374,,,5,126854805,,,
,20,Dojo of Childhood Heroes,-,-,0 XP,,Dojo of Childhood Heroes,1,10,"3,000,000,000 XP",,Counter of how often the Sheet had to be fully reset due to user error in dragging cells over each other:,,,26,,,,6,19491852,,,6,132712488,,,
,21,Tavern of the Dark Doppelgangers,-,-,0 XP,,Tavern of the Dark Doppelgangers,1,3,"900,000,000 XP",,,,,,,,,7,20723258,,,7,138821184,,,
,22,City of Intrigues,-,-,0 XP,,City of Intrigues,1,10,"3,000,000,000 XP",,,,,,,,,8,22012436,,,8,145140861,,,
,23,School of Magic Express,9,10,"570,120,546 XP",,School of Magic Express,1,5,"1,500,000,000 XP",,,,,,,,,9,23374540,,,9,151726857,,,
,24,Nordic Gods,9,10,"600,000,000 XP",,Nordic Gods,1,5,"1,342,817,688 XP",,,,,,,,,10,26302843,,,10,165631756,,,
,25,Ash Mountain,9,10,"600,000,000 XP",,Ash Mountain,1,5,"1,500,000,000 XP",,Click to return to original Value :,,,,,,14,House of Horrors,,,14,House of Horrors,,,,
,26,Playa HQ,7,10,"1,200,000,000 XP",,Playa HQ,1,10,"3,000,000,000 XP",,"(You may have to give ""App Script"" access to run the script on first time use)",,,,,,,1,26302843,,,1,165631756,,,
,27,Mount Olympus,7,10,"1,188,853,442 XP",,Mount Olympus,1,2,"442,817,688 XP",,,,,,,,,2,27874231,,,2,175491135,,,
,28,Monster Grotto,1,10,"3,000,000,000 XP",,Monster Grotto,-,-,0 XP,,,,,,,,,3,29531221,,,3,185838637,,,
,29,Arcade of the Old Pixel Icons,1,10,"3,000,000,000 XP",,Arcade of the Old Pixel Icons,-,-,0 XP,,,,,,,,,,,,,,,,,
,30,The Server Room,-,-,0 XP,,The Server Room,-,-,0 XP,,,,,,,,,,,,,,,,,
,31,Workshop of the Hunters of the Undead,-,-,0 XP,,Workshop of the Hunters of the Undead,-,-,0 XP,,Total XP,,,"52,768,407,790 XP",,,,,,,,,,,,
,32,Retro TV Legends,-,-,0 XP,,Retro TV Legends,-,-,0 XP,,,,,,,,,,,,,,,,,
,33,The Meeting Room,-,-,0 XP,,The Meeting Room,-,-,0 XP,,,,,,,,,,,,,,,,,
,,Sum Total Light World,,,"10,158,973,988 XP",,Sum Total Shadow World,,,"24,302,025,867 XP",,Total Levels,,,35.18 Levels,,,,4,31261572,,,4,196694080,,,
,,,,,,,,,,,,,,,,,,,5,33084028,,,5,208088681,,,
,,,,,,,,,,,,,,,,,,,6,34985806,,,6,220033230,,,
,,,,,,,,,,,,,,,,,,,7,36987473,,,7,232549429,,,
,,,,,,,,,,,,,,,,,,,8,39074626,,,8,245671462,,,
,,,,,,,,,,,,,,,,,,,9,41269055,,,9,259411408,,,
,,,,,,,,,,,,,,,,,,,10,45958126,,,10,288853422,,,
,,,,,,,,,,,,,,,,,,15,The 13th floor,,,15,The 13th floor,,,,
,,,,,,,,,,,,,,,,,,,1,178017293,,,1,300000000,,,
,,,,,,,,,,,,,,,,,,,2,191202824,,,2,300000000,,,
,,,,,,,,,,,,,,,,,,,3,205171015,,,3,300000000,,,
,,,,,,,,,,,,,,,,,,,4,220033230,,,4,300000000,,,
,,,,,,,,,,,,,,,,,,,5,235758967,,,5,300000000,,,
,,,,,,,,,,,,,,,,,,,6,252458197,,,6,300000000,,,
,,,,,,,,,,,,,,,,,,,7,270120546,,,7,300000000,,,
,,,,,,,,,,,,,,,,,,,8,288853442,,,8,300000000,,,
,,,,,,,,,,,,,,,,,,,9,300000000,,,9,300000000,,,
,,,,,,,,,,,,,,,,,,,10,300000000,,,10,300000000,,,
,,,,,,,,,,,,,,,,,,16,The 3rd League of Superheroes,,,16,The 3rd League of Superheroes,,,,
,,,,,,,,,,,,,,,,,,,1,54764113,,,1,220033230,,,
,,,,,,,,,,,,,,,,,,,2,57660160,,,2,239036142,,,
,,,,,,,,,,,,,,,,,,,3,60696773,,,3,259411408,,,
,,,,,,,,,,,,,,,,,,,4,63853128,,,4,281239819,,,
,,,,,,,,,,,,,,,,,,,5,67159972,,,5,300000000,,,
,,,,,,,,,,,,,,,,,,,6,70595045,,,6,300000000,,,
,,,,,,,,,,,,,,,,,,,7,74191870,,,7,300000000,,,
,,,,,,,,,,,,,,,,,,,8,77926126,,,8,300000000,,,
,,,,,,,,,,,,,,,,,,,9,81832831,,,9,300000000,,,
,,,,,,,,,,,,,,,,,,,10,90125436,,,10,300000000,,,
,,,,,,,,,,,,,,,,,,17,Time-honored School of Magic,,,17,Time-honored School of Magic,,,,
,,,,,,,,,,,,,,,,,,,1,31862139,,,1,300000000,,,
,,,,,,,,,,,,,,,,,,,2,36305620,,,2,300000000,,,
,,,,,,,,,,,,,,,,,,,3,42016588,,,3,300000000,,,
,,,,,,,,,,,,,,,,,,,4,47615630,,,4,300000000,,,
,,,,,,,,,,,,,,,,,,,5,54764113,,,5,300000000,,,
,,,,,,,,,,,,,,,,,,,6,61727510,,,6,300000000,,,
,,,,,,,,,,,,,,,,,,,7,70595045,,,7,300000000,,,
,,,,,,,,,,,,,,,,,,,8,79213665,,,8,300000000,,,
,,,,,,,,,,,,,,,,,,,9,90125436,,,9,300000000,,,
,,,,,,,,,,,,,,,,,,,10,100672054,,,10,300000000,,,
,,,,,,,,,,,,,,,,,,18,Hemorridor,,,18,Hemorridor,,,,
,,,,,,,,,,,,,,,,,,,1,11412835,,,1,119373368,,,
,,,,,,,,,,,,,,,,,,,2,15166093,,,2,163232702,,,
,,,,,,,,,,,,,,,,,,,3,20723258,,,3,220033230,,,
,,,,,,,,,,,,,,,,,,,4,27343418,,,4,296636662,,,
,,,,,,,,,,,,,,,,,,,5,36987473,,,5,300000000,,,
,,,,,,,,,,,,,,,,,,,6,48459828,,,6,300000000,,,
,,,,,,,,,,,,,,,,,,,7,63853128,,,7,300000000,,,
,,,,,,,,,,,,,,,,,,,8,83158305,,,8,300000000,,,
,,,,,,,,,,,,,,,,,,,9,103875282,,,9,300000000,,,
,,,,,,,,,,,,,,,,,,,10,128778486,,,10,300000000,,,
,,,,,,,,,,,,,,,,,,19,Easteros,,,19,Easteros,,,,
,,,,,,,,,,,,,,,,,,,1,90125436,,,1,300000000,,,
,,,,,,,,,,,,,,,,,,,2,105514978,,,2,300000000,,,
,,,,,,,,,,,,,,,,,,,3,123067419,,,3,300000000,,,
,,,,,,,,,,,,,,,,,,,4,143018630,,,4,300000000,,,
,,,,,,,,,,,,,,,,,,,5,165631756,,,5,300000000,,,
,,,,,,,,,,,,,,,,,,,6,191202824,,,6,300000000,,,
,,,,,,,,,,,,,,,,,,,7,220033230,,,7,300000000,,,
,,,,,,,,,,,,,,,,,,,8,252458197,,,8,300000000,,,
,,,,,,,,,,,,,,,,,,,9,288853442,,,9,300000000,,,
,,,,,,,,,,,,,,,,,,,10,300000000,,,10,300000000,,,
,,,,,,,,,,,,,,,,,,20,Dojo of Childhood Heroes,,,20,Dojo of Childhood Heroes,,,,
,,,,,,,,,,,,,,,,,,,1,94521325,,,1,300000000,,,
,,,,,,,,,,,,,,,,,,,2,99114456,,,2,300000000,,,
,,,,,,,,,,,,,,,,,,,3,103875282,,,3,300000000,,,
,,,,,,,,,,,,,,,,,,,4,108847145,,,4,300000000,,,
,,,,,,,,,,,,,,,,,,,5,113997992,,,5,300000000,,,
,,,,,,,,,,,,,,,,,,,6,119373368,,,6,300000000,,,
,,,,,,,,,,,,,,,,,,,7,124939452,,,7,300000000,,,
,,,,,,,,,,,,,,,,,,,8,130745487,,,8,300000000,,,
,,,,,,,,,,,,,,,,,,,9,136754704,,,9,300000000,,,
,,,,,,,,,,,,,,,,,,,10,143018630,,,10,300000000,,,
,,,,,,,,,,,,,,,,,,21,Tavern of the Dark Doppelgangers,,,21,Tavern of the Dark Doppelgangers,,,,
,,,,,,,,,,,,,,,,,,,1,300000000,,,1,300000000,,,
,,,,,,,,,,,,,,,,,,,2,300000000,,,2,300000000,,,
,,,,,,,,,,,,,,,,,,,3,300000000,,,3,300000000,,,
,,,,,,,,,,,,,,,,,,,4,300000000,,,4,300000000,,,
,,,,,,,,,,,,,,,,,,,5,300000000,,,5,300000000,,,
,,,,,,,,,,,,,,,,,,,6,300000000,,,6,300000000,,,
,,,,,,,,,,,,,,,,,,,7,300000000,,,7,300000000,,,
,,,,,,,,,,,,,,,,,,,8,300000000,,,8,300000000,,,
,,,,,,,,,,,,,,,,,,,9,300000000,,,9,300000000,,,
,,,,,,,,,,,,,,,,,,,10,300000000,,,10,300000000,,,
,,,,,,,,,,,,,,,,,,22,City of Intrigues,,,22,City of Intrigues,,,,
,,,,,,,,,,,,,,,,,,,1,300000000,,,1,300000000,,,
,,,,,,,,,,,,,,,,,,,2,300000000,,,2,300000000,,,
,,,,,,,,,,,,,,,,,,,3,300000000,,,3,300000000,,,
,,,,,,,,,,,,,,,,,,,4,300000000,,,4,300000000,,,
,,,,,,,,,,,,,,,,,,,5,300000000,,,5,300000000,,,
,,,,,,,,,,,,,,,,,,,6,300000000,,,6,300000000,,,
,,,,,,,,,,,,,,,,,,,7,300000000,,,7,300000000,,,
,,,,,,,,,,,,,,,,,,,8,300000000,,,8,300000000,,,
,,,,,,,,,,,,,,,,,,,9,300000000,,,9,300000000,,,
,,,,,,,,,,,,,,,,,,,10,300000000,,,10,300000000,,,
,,,,,,,,,,,,,,,,,,23,School of Magic Express,,,23,School of Magic Express,,,,
,,,,,,,,,,,,,,,,,,,1,113997992,,,1,300000000,,,
,,,,,,,,,,,,,,,,,,,2,126854805,,,2,300000000,,,
,,,,,,,,,,,,,,,,,,,3,143018630,,,3,300000000,,,
,,,,,,,,,,,,,,,,,,,4,158537364,,,4,300000000,,,
,,,,,,,,,,,,,,,,,,,5,178017293,,,5,300000000,,,
,,,,,,,,,,,,,,,,,,,6,196694080,,,6,300000000,,,
,,,,,,,,,,,,,,,,,,,7,220033230,,,7,300000000,,,
,,,,,,,,,,,,,,,,,,,8,242313317,,,8,300000000,,,
,,,,,,,,,,,,,,,,,,,9,270120546,,,9,300000000,,,
,,,,,,,,,,,,,,,,,,,10,300000000,,,10,300000000,,,
,,,,,,,,,,,,,,,,,,24,Nordic Gods,,,24,Nordic Gods,,,,
,,,,,,,,,,,,,,,,,,,1,14222021,,,1,153964246,,,
,,,,,,,,,,,,,,,,,,,2,26302843,,,2,288853442,,,
,,,,,,,,,,,,,,,,,,,3,45958126,,,3,300000000,,,
,,,,,,,,,,,,,,,,,,,4,83158305,,,4,300000000,,,
,,,,,,,,,,,,,,,,,,,5,123067419,,,5,300000000,,,
,,,,,,,,,,,,,,,,,,,6,191202824,,,6,300000000,,,
,,,,,,,,,,,,,,,,,,,7,288853442,,,7,300000000,,,
,,,,,,,,,,,,,,,,,,,8,300000000,,,8,300000000,,,
,,,,,,,,,,,,,,,,,,,9,300000000,,,9,300000000,,,
,,,,,,,,,,,,,,,,,,,10,300000000,,,10,300000000,,,
,,,,,,,,,,,,,,,,,,25,Ash Mountain,,,25,Ash Mountain,,,,
,,,,,,,,,,,,,,,,,,,1,160885033,,,1,300000000,,,
,,,,,,,,,,,,,,,,,,,2,196694080,,,2,300000000,,,
,,,,,,,,,,,,,,,,,,,3,242313317,,,3,300000000,,,
,,,,,,,,,,,,,,,,,,,4,296636662,,,4,300000000,,,
,,,,,,,,,,,,,,,,,,,5,300000000,,,5,300000000,,,
,,,,,,,,,,,,,,,,,,,6,300000000,,,6,300000000,,,
,,,,,,,,,,,,,,,,,,,7,300000000,,,7,300000000,,,
,,,,,,,,,,,,,,,,,,,8,300000000,,,8,300000000,,,
,,,,,,,,,,,,,,,,,,,9,300000000,,,9,300000000,,,
,,,,,,,,,,,,,,,,,,,10,300000000,,,10,300000000,,,
,,,,,,,,,,,,,,,,,,26,Playa HQ,,,26,Playa HQ,,,,
,,,,,,,,,,,,,,,,,,,1,300000000,,,1,300000000,,,
,,,,,,,,,,,,,,,,,,,2,300000000,,,2,300000000,,,
,,,,,,,,,,,,,,,,,,,3,300000000,,,3,300000000,,,
,,,,,,,,,,,,,,,,,,,4,300000000,,,4,300000000,,,
,,,,,,,,,,,,,,,,,,,5,300000000,,,5,300000000,,,
,,,,,,,,,,,,,,,,,,,6,300000000,,,6,300000000,,,
,,,,,,,,,,,,,,,,,,,7,300000000,,,7,300000000,,,
,,,,,,,,,,,,,,,,,,,8,300000000,,,8,300000000,,,
,,,,,,,,,,,,,,,,,,,9,300000000,,,9,300000000,,,
,,,,,,,,,,,,,,,,,,,10,300000000,,,10,300000000,,,
,,,,,,,,,,,,,,,,,,27,Mount Olympus,,,27,Mount Olympus,,,,
,,,,,,,,,,,,,,,,,,,1,14222021,,,1,153964246,,,
,,,,,,,,,,,,,,,,,,,2,26302843,,,2,288853442,,,
,,,,,,,,,,,,,,,,,,,3,45958126,,,3,300000000,,,
,,,,,,,,,,,,,,,,,,,4,83158305,,,4,300000000,,,
,,,,,,,,,,,,,,,,,,,5,123067419,,,5,300000000,,,
,,,,,,,,,,,,,,,,,,,6,191202824,,,6,300000000,,,
,,,,,,,,,,,,,,,,,,,7,288853442,,,7,300000000,,,
,,,,,,,,,,,,,,,,,,,8,300000000,,,8,300000000,,,
,,,,,,,,,,,,,,,,,,,9,300000000,,,9,300000000,,,
,,,,,,,,,,,,,,,,,,,10,300000000,,,10,300000000,,,
,,,,,,,,,,,,,,,,,,28,Monster Grotto,,,28,Monster Grotto,,,,
,,,,,,,,,,,,,,,,,,,1,300000000,,,1,300000000,,,
,,,,,,,,,,,,,,,,,,,2,300000000,,,2,300000000,,,
,,,,,,,,,,,,,,,,,,,3,300000000,,,3,300000000,,,
,,,,,,,,,,,,,,,,,,,4,300000000,,,4,300000000,,,
,,,,,,,,,,,,,,,,,,,5,300000000,,,5,300000000,,,
,,,,,,,,,,,,,,,,,,,6,300000000,,,6,300000000,,,
,,,,,,,,,,,,,,,,,,,7,300000000,,,7,300000000,,,
,,,,,,,,,,,,,,,,,,,8,300000000,,,8,300000000,,,
,,,,,,,,,,,,,,,,,,,9,300000000,,,9,300000000,,,
,,,,,,,,,,,,,,,,,,,10,300000000,,,10,300000000,,,
,,,,,,,,,,,,,,,,,,29,Arcade of the Old Pixel Icons,,,29,Arcade of the Old Pixel Icons,,,,
,,,,,,,,,,,,,,,,,,,1,300000000,,,1,300000000,,,
,,,,,,,,,,,,,,,,,,,2,300000000,,,2,300000000,,,
,,,,,,,,,,,,,,,,,,,3,300000000,,,3,300000000,,,
,,,,,,,,,,,,,,,,,,,4,300000000,,,4,300000000,,,
,,,,,,,,,,,,,,,,,,,5,300000000,,,5,300000000,,,
,,,,,,,,,,,,,,,,,,,6,300000000,,,6,300000000,,,
,,,,,,,,,,,,,,,,,,,7,300000000,,,7,300000000,,,
,,,,,,,,,,,,,,,,,,,8,300000000,,,8,300000000,,,
,,,,,,,,,,,,,,,,,,,9,300000000,,,9,300000000,,,
,,,,,,,,,,,,,,,,,,,10,300000000,,,10,300000000,,,
,,,,,,,,,,,,,,,,,,30,The Server Room,,,30,The Server Room,,,,
,,,,,,,,,,,,,,,,,,,1,300000000,,,1,300000000,,,
,,,,,,,,,,,,,,,,,,,2,300000000,,,2,300000000,,,
,,,,,,,,,,,,,,,,,,,3,300000000,,,3,300000000,,,
,,,,,,,,,,,,,,,,,,,4,300000000,,,4,300000000,,,
,,,,,,,,,,,,,,,,,,,5,300000000,,,5,300000000,,,
,,,,,,,,,,,,,,,,,,,6,300000000,,,6,300000000,,,
,,,,,,,,,,,,,,,,,,,7,300000000,,,7,300000000,,,
,,,,,,,,,,,,,,,,,,,8,300000000,,,8,300000000,,,
,,,,,,,,,,,,,,,,,,,9,300000000,,,9,300000000,,,
,,,,,,,,,,,,,,,,,,,10,300000000,,,10,300000000,,,
,,,,,,,,,,,,,,,,,,31,Workshop of the Hunters of the Undead,,,31,Workshop of the Hunters of the Undead,,,,
,,,,,,,,,,,,,,,,,,,1,300000000,,,1,300000000,,,
,,,,,,,,,,,,,,,,,,,2,300000000,,,2,300000000,,,
,,,,,,,,,,,,,,,,,,,3,300000000,,,3,300000000,,,
,,,,,,,,,,,,,,,,,,,4,300000000,,,4,300000000,,,
,,,,,,,,,,,,,,,,,,,5,300000000,,,5,300000000,,,
,,,,,,,,,,,,,,,,,,,6,300000000,,,6,300000000,,,
,,,,,,,,,,,,,,,,,,,7,300000000,,,7,300000000,,,
,,,,,,,,,,,,,,,,,,,8,300000000,,,8,300000000,,,
,,,,,,,,,,,,,,,,,,,9,300000000,,,9,300000000,,,
,,,,,,,,,,,,,,,,,,,10,300000000,,,10,300000000,,,
,,,,,,,,,,,,,,,,,,32,Retro TV Legends,,,32,Retro TV Legends,,,,
,,,,,,,,,,,,,,,,,,,1,300000000,,,1,300000000,,,
,,,,,,,,,,,,,,,,,,,2,300000000,,,2,300000000,,,
,,,,,,,,,,,,,,,,,,,3,300000000,,,3,300000000,,,
,,,,,,,,,,,,,,,,,,,4,300000000,,,4,300000000,,,
,,,,,,,,,,,,,,,,,,,5,300000000,,,5,300000000,,,
,,,,,,,,,,,,,,,,,,,6,300000000,,,6,300000000,,,
,,,,,,,,,,,,,,,,,,,7,300000000,,,7,300000000,,,
,,,,,,,,,,,,,,,,,,,8,300000000,,,8,300000000,,,
,,,,,,,,,,,,,,,,,,,9,300000000,,,9,300000000,,,
,,,,,,,,,,,,,,,,,,,10,300000000,,,10,300000000,,,
,,,,,,,,,,,,,,,,,,33,The Meeting Room,,,33,The Meeting Room,,,,
,,,,,,,,,,,,,,,,,,,1,300000000,,,1,300000000,,,
,,,,,,,,,,,,,,,,,,,2,300000000,,,2,300000000,,,
,,,,,,,,,,,,,,,,,,,3,300000000,,,3,300000000,,,
,,,,,,,,,,,,,,,,,,,4,300000000,,,4,300000000,,,
,,,,,,,,,,,,,,,,,,,5,300000000,,,5,300000000,,,
,,,,,,,,,,,,,,,,,,,6,300000000,,,6,300000000,,,
,,,,,,,,,,,,,,,,,,,7,300000000,,,7,300000000,,,
,,,,,,,,,,,,,,,,,,,8,300000000,,,8,300000000,,,
,,,,,,,,,,,,,,,,,,,9,300000000,,,9,300000000,,,
,,,,,,,,,,,,,,,,,,,10,300000000,,,10,300000000,,,
,,,,,,,,,,,,,,,,,,,Twister,,,,Continuous Loop of Idols,,,,
,,,,,,,,,,,,,,,,,,,1,65368,,,1,18327374,,,
,,,,,,,,,,,,,,,,,,,2,78646,,,2,28420280,,,
,,,,,,,,,,,,,,,,,,,3,94079,,,3,42784003,,,
,,,,,,,,,,,,,,,,,,,4,111819,,,4,62790319,,,
,,,,,,,,,,,,,,,,,,,5,132262,,,5,128800146,,,
,,,,,,,,,,,,,,,,,,,6,155508,,,6,208088681,,,
,,,,,,,,,,,,,,,,,,,7,182146,,,7,300000000,,,
,,,,,,,,,,,,,,,,,,,8,212225,,,8,300000000,,,
,,,,,,,,,,,,,,,,,,,9,246371,,,9,300000000,,,
,,,,,,,,,,,,,,,,,,,10,284763,,,10,300000000,,,
,,,,,,,,,,,,,,,,,,,11,328069,,,11,300000000,,,
,,,,,,,,,,,,,,,,,,,12,346770,,,12,300000000,,,
,,,,,,,,,,,,,,,,,,,13,366397,,,13,300000000,,,
,,,,,,,,,,,,,,,,,,,14,386895,,,14,300000000,,,
,,,,,,,,,,,,,,,,,,,15,408294,,,15,300000000,,,
,,,,,,,,,,,,,,,,,,,16,430720,,,16,300000000,,,
,,,,,,,,,,,,,,,,,,,17,454114,,,17,300000000,,,
,,,,,,,,,,,,,,,,,,,18,478510,,,18,300000000,,,
,,,,,,,,,,,,,,,,,,,19,504046,,,19,300000000,,,
,,,,,,,,,,,,,,,,,,,20,530654,,,20,300000000,,,
,,,,,,,,,,,,,,,,,,,21,558370,,,21,300000000,,,
,,,,,,,,,,,,,,,,,,,22,587352,,,22,300000000,,,
,,,,,,,,,,,,,,,,,,,23,617518,,,23,300000000,,,
,,,,,,,,,,,,,,,,,,,24,648910,,,24,300000000,,,
,,,,,,,,,,,,,,,,,,,25,681690,,,25,300000000,,,
,,,,,,,,,,,,,,,,,,,26,715781,,,26,300000000,,,
,,,,,,,,,,,,,,,,,,,27,751224,,,27,300000000,,,
,,,,,,,,,,,,,,,,,,,28,788201,,,28,300000000,,,
,,,,,,,,,,,,,,,,,,,29,826619,,,29,300000000,,,
,,,,,,,,,,,,,,,,,,,30,866521,,,30,300000000,,,
,,,,,,,,,,,,,,,,,,,31,908108,,,,,,,
,,,,,,,,,,,,,,,,,,,32,951278,,,,,,,
,,,,,,,,,,,,,,,,,,,33,996080,,,,,,,
,,,,,,,,,,,,,,,,,,,34,1042727,,,,,,,
,,,,,,,,,,,,,,,,,,,35,1091110,,,,,,,
,,,,,,,,,,,,,,,,,,,36,1141283,,,,,,,
,,,,,,,,,,,,,,,,,,,37,1166970,,,,,,,
,,,,,,,,,,,,,,,,,,,38,1193476,,,,,,,
,,,,,,,,,,,,,,,,,,,39,1219983,,,Sand Storm,,,,
,,,,,,,,,,,,,,,,,,,40,1247568,,,1,30000000,,,
,,,,,,,,,,,,,,,,,,,41,1275153,,,2,30000000,,,
,,,,,,,,,,,,,,,,,,,42,1303614,,,3,30000000,,,
,,,,,,,,,,,,,,,,,,,43,1332282,,,4,30000000,,,
,,,,,,,,,,,,,,,,,,,44,1361870,,,5,30000000,,,
,,,,,,,,,,,,,,,,,,,45,1391459,,,6,30000000,,,
,,,,,,,,,,,,,,,,,,,46,1422202,,,7,30000000,,,
,,,,,,,,,,,,,,,,,,,47,1452944,,,8,30000000,,,
,,,,,,,,,,,,,,,,,,,48,1484667,,,9,30000000,,,
,,,,,,,,,,,,,,,,,,,49,1516609,,,10,30000000,,,
,,,,,,,,,,,,,,,,,,,50,1549531,,,11,30000000,,,
,,,,,,,,,,,,,,,,,,,51,1582452,,,12,30000000,,,
,,,,,,,,,,,,,,,,,,,52,1616659,,,13,30000000,,,
,,,,,,,,,,,,,,,,,,,53,1650866,,,14,30000000,,,
,,,,,,,,,,,,,,,,,,,54,1686118,,,15,30000000,,,
,,,,,,,,,,,,,,,,,,,55,1721610,,,16,30000000,,,
,,,,,,,,,,,,,,,,,,,56,1758197,,,17,30000000,,,
,,,,,,,,,,,,,,,,,,,57,1794784,,,18,30000000,,,
,,,,,,,,,,,,,,,,,,,58,1832737,,,19,30000000,,,
,,,,,,,,,,,,,,,,,,,59,1870690,,,20,30000000,,,
,,,,,,,,,,,,,,,,,,,60,1909807,,,21,30000000,,,
,,,,,,,,,,,,,,,,,,,61,1949185,,,22,30000000,,,
,,,,,,,,,,,,,,,,,,,62,1989727,,,23,30000000,,,
,,,,,,,,,,,,,,,,,,,63,2030270,,,24,30000000,,,
,,,,,,,,,,,,,,,,,,,64,2072325,,,25,30000000,,,
,,,,,,,,,,,,,,,,,,,65,2114381,,,26,30000000,,,
,,,,,,,,,,,,,,,,,,,66,2157674,,,27,30000000,,,
,,,,,,,,,,,,,,,,,,,67,2201243,,,28,30000000,,,
,,,,,,,,,,,,,,,,,,,68,2246109,,,29,30000000,,,
,,,,,,,,,,,,,,,,,,,69,2290975,,,30,30000000,,,
,,,,,,,,,,,,,,,,,,,70,2337454,,,31,30000000,,,
,,,,,,,,,,,,,,,,,,,71,2383932,,,32,30000000,,,
,,,,,,,,,,,,,,,,,,,72,2431784,,,33,30000000,,,
,,,,,,,,,,,,,,,,,,,73,2479935,,,34,30000000,,,
,,,,,,,,,,,,,,,,,,,74,2529460,,,35,30000000,,,
,,,,,,,,,,,,,,,,,,,75,2578984,,,36,30000000,,,
,,,,,,,,,,,,,,,,,,,76,2630284,,,37,30000000,,,
,,,,,,,,,,,,,,,,,,,77,2681584,,,38,30000000,,,
,,,,,,,,,,,,,,,,,,,78,2734341,,,39,30000000,,,
,,,,,,,,,,,,,,,,,,,79,2787423,,,40,30000000,,,
,,,,,,,,,,,,,,,,,,,80,2842028,,,41,30000000,,,
,,,,,,,,,,,,,,,,,,,81,2896632,,,42,30000000,,,
,,,,,,,,,,,,,,,,,,,82,2953122,,,43,30000000,,,
,,,,,,,,,,,,,,,,,,,83,3009611,,,44,30000000,,,
,,,,,,,,,,,,,,,,,,,84,3067713,,,45,30000000,,,
,,,,,,,,,,,,,,,,,,,85,3126157,,,46,30000000,,,
,,,,,,,,,,,,,,,,,,,86,3186213,,,47,30000000,,,
,,,,,,,,,,,,,,,,,,,87,3186213,,,48,30000000,,,
,,,,,,,,,,,,,,,,,,,88,3246270,,,49,30000000,,,
,,,,,,,,,,,,,,,,,,,89,3308402,,,50,30000000,,,
,,,,,,,,,,,,,,,,,,,90,3308402,,,51,30000000,,,
,,,,,,,,,,,,,,,,,,,91,3308402,,,52,30000000,,,
,,,,,,,,,,,,,,,,,,,92,3370535,,,53,30000000,,,
,,,,,,,,,,,,,,,,,,,93,3434372,,,54,30000000,,,
,,,,,,,,,,,,,,,,,,,94,3434372,,,55,30000000,,,
,,,,,,,,,,,,,,,,,,,95,3434372,,,56,30000000,,,
,,,,,,,,,,,,,,,,,,,96,3498580,,,57,30000000,,,
,,,,,,,,,,,,,,,,,,,97,3564571,,,58,30000000,,,
,,,,,,,,,,,,,,,,,,,98,3564571,,,59,30000000,,,
,,,,,,,,,,,,,,,,,,,99,3564571,,,60,30000000,,,
,,,,,,,,,,,,,,,,,,,100,3630562,,,61,30000000,,,
,,,,,,,,,,,,,,,,,,,101,3698747,,,62,30000000,,,
,,,,,,,,,,,,,,,,,,,102,3698747,,,63,30000000,,,
,,,,,,,,,,,,,,,,,,,103,3698747,,,64,30000000,,,
,,,,,,,,,,,,,,,,,,,104,3766932,,,65,30000000,,,
,,,,,,,,,,,,,,,,,,,105,3836998,,,66,30000000,,,
,,,,,,,,,,,,,,,,,,,106,3836998,,,67,30000000,,,
,,,,,,,,,,,,,,,,,,,107,3836998,,,68,30000000,,,
,,,,,,,,,,,,,,,,,,,108,3907462,,,69,30000000,,,
,,,,,,,,,,,,,,,,,,,109,3979807,,,70,30000000,,,
,,,,,,,,,,,,,,,,,,,110,3979807,,,71,30000000,,,
,,,,,,,,,,,,,,,,,,,111,3979807,,,72,30000000,,,
,,,,,,,,,,,,,,,,,,,112,4052152,,,73,30000000,,,
,,,,,,,,,,,,,,,,,,,113,4126905,,,74,30000000,,,
,,,,,,,,,,,,,,,,,,,114,4126905,,,75,30000000,,,
,,,,,,,,,,,,,,,,,,,115,4126905,,,76,30000000,,,
,,,,,,,,,,,,,,,,,,,116,4201658,,,77,30000000,,,
,,,,,,,,,,,,,,,,,,,117,4278400,,,78,30000000,,,
,,,,,,,,,,,,,,,,,,,118,4278400,,,79,30000000,,,
,,,,,,,,,,,,,,,,,,,119,4278400,,,80,30000000,,,
,,,,,,,,,,,,,,,,,,,120,4355562,,,81,30000000,,,
,,,,,,,,,,,,,,,,,,,121,4434796,,,82,30000000,,,
,,,,,,,,,,,,,,,,,,,122,4434796,,,83,30000000,,,
,,,,,,,,,,,,,,,,,,,123,4434796,,,84,30000000,,,
,,,,,,,,,,,,,,,,,,,124,4514030,,,85,30000000,,,
,,,,,,,,,,,,,,,,,,,125,4595812,,,86,30000000,,,
,,,,,,,,,,,,,,,,,,,126,4595812,,,87,30000000,,,
,,,,,,,,,,,,,,,,,,,127,4595812,,,88,30000000,,,
,,,,,,,,,,,,,,,,,,,128,4677594,,,89,30000000,,,
,,,,,,,,,,,,,,,,,,,129,4761563,,,90,30000000,,,
,,,,,,,,,,,,,,,,,,,130,4761563,,,91,30000000,,,
,,,,,,,,,,,,,,,,,,,131,4761563,,,92,30000000,,,
,,,,,,,,,,,,,,,,,,,132,4845982,,,93,30000000,,,
,,,,,,,,,,,,,,,,,,,133,4932588,,,94,30000000,,,
,,,,,,,,,,,,,,,,,,,134,4932588,,,95,30000000,,,
,,,,,,,,,,,,,,,,,,,135,4932588,,,96,30000000,,,
,,,,,,,,,,,,,,,,,,,136,5019195,,,97,30000000,,,
,,,,,,,,,,,,,,,,,,,137,5108581,,,98,30000000,,,
,,,,,,,,,,,,,,,,,,,138,5108581,,,99,30000000,,,
,,,,,,,,,,,,,,,,,,,139,5108581,,,100,30000000,,,
,,,,,,,,,,,,,,,,,,,140,5197968,,,,,,,
,,,,,,,,,,,,,,,,,,,141,5289659,,,,,,,
,,,,,,,,,,,,,,,,,,,142,5289659,,,,,,,
,,,,,,,,,,,,,,,,,,,143,5289659,,,,,,,
,,,,,,,,,,,,,,,,,,,144,5381834,,,,,,,
,,,,,,,,,,,,,,,,,,,145,5476411,,,,,,,
,,,,,,,,,,,,,,,,,,,146,5476411,,,,,,,
,,,,,,,,,,,,,,,,,,,147,5476411,,,,,,,
,,,,,,,,,,,,,,,,,,,148,5570988,,,,,,,
,,,,,,,,,,,,,,,,,,,149,5668502,,,,,,,
,,,,,,,,,,,,,,,,,,,150,5668502,,,,,,,
,,,,,,,,,,,,,,,,,,,151,5668502,,,,,,,
,,,,,,,,,,,,,,,,,,,152,5766016,,,,,,,
,,,,,,,,,,,,,,,,,,,153,5866054,,,,,,,
,,,,,,,,,,,,,,,,,,,154,5866054,,,,,,,
,,,,,,,,,,,,,,,,,,,155,5866054,,,,,,,
,,,,,,,,,,,,,,,,,,,156,5966603,,,,,,,
,,,,,,,,,,,,,,,,,,,157,6069677,,,,,,,
,,,,,,,,,,,,,,,,,,,158,6069677,,,,,,,
,,,,,,,,,,,,,,,,,,,159,6069677,,,,,,,
,,,,,,,,,,,,,,,,,,,160,6172751,,,,,,,
,,,,,,,,,,,,,,,,,,,161,6279031,,,,,,,
,,,,,,,,,,,,,,,,,,,162,6279031,,,,,,,
,,,,,,,,,,,,,,,,,,,163,6279031,,,,,,,
,,,,,,,,,,,,,,,,,,,164,6385312,,,,,,,
,,,,,,,,,,,,,,,,,,,165,6494253,,,,,,,
,,,,,,,,,,,,,,,,,,,166,6494253,,,,,,,
,,,,,,,,,,,,,,,,,,,167,6494253,,,,,,,
,,,,,,,,,,,,,,,,,,,168,6603742,,,,,,,
,,,,,,,,,,,,,,,,,,,169,6715997,,,,,,,
,,,,,,,,,,,,,,,,,,,170,6715997,,,,,,,
,,,,,,,,,,,,,,,,,,,171,6715997,,,,,,,
,,,,,,,,,,,,,,,,,,,172,6828252,,,,,,,
,,,,,,,,,,,,,,,,,,,173,6943878,,,,,,,
,,,,,,,,,,,,,,,,,,,174,6943878,,,,,,,
,,,,,,,,,,,,,,,,,,,175,6943878,,,,,,,
,,,,,,,,,,,,,,,,,,,176,7059504,,,,,,,
,,,,,,,,,,,,,,,,,,,177,7178039,,,,,,,
,,,,,,,,,,,,,,,,,,,178,7178039,,,,,,,
,,,,,,,,,,,,,,,,,,,179,7178039,,,,,,,
,,,,,,,,,,,,,,,,,,,180,7297158,,,,,,,
,,,,,,,,,,,,,,,,,,,181,7419187,,,,,,,
,,,,,,,,,,,,,,,,,,,182,7419187,,,,,,,
,,,,,,,,,,,,,,,,,,,183,7419187,,,,,,,
,,,,,,,,,,,,,,,,,,,184,7541215,,,,,,,
,,,,,,,,,,,,,,,,,,,185,7666913,,,,,,,
,,,,,,,,,,,,,,,,,,,186,7666913,,,,,,,
,,,,,,,,,,,,,,,,,,,187,7666913,,,,,,,
,,,,,,,,,,,,,,,,,,,188,7792612,,,,,,,
,,,,,,,,,,,,,,,,,,,189,7792612,,,,,,,
,,,,,,,,,,,,,,,,,,,190,7792612,,,,,,,
,,,,,,,,,,,,,,,,,,,191,7921366,,,,,,,
,,,,,,,,,,,,,,,,,,,192,7921366,,,,,,,
,,,,,,,,,,,,,,,,,,,193,7921366,,,,,,,
,,,,,,,,,,,,,,,,,,,194,8050735,,,,,,,
,,,,,,,,,,,,,,,,,,,195,8050735,,,,,,,
,,,,,,,,,,,,,,,,,,,196,8050735,,,,,,,
,,,,,,,,,,,,,,,,,,,197,8183283,,,,,,,
,,,,,,,,,,,,,,,,,,,198,8183283,,,,,,,
,,,,,,,,,,,,,,,,,,,199,8183283,,,,,,,
,,,,,,,,,,,,,,,,,,,200,8315830,,,,,,,
,,,,,,,,,,,,,,,,,,,201,8315830,,,,,,,
,,,,,,,,,,,,,,,,,,,202,8315830,,,,,,,
,,,,,,,,,,,,,,,,,,,203,8452244,,,,,,,
,,,,,,,,,,,,,,,,,,,204,8452244,,,,,,,
,,,,,,,,,,,,,,,,,,,205,8452244,,,,,,,
,,,,,,,,,,,,,,,,,,,206,8588658,,,,,,,
,,,,,,,,,,,,,,,,,,,207,8588658,,,,,,,
,,,,,,,,,,,,,,,,,,,208,8588658,,,,,,,
,,,,,,,,,,,,,,,,,,,209,8728404,,,,,,,
,,,,,,,,,,,,,,,,,,,210,8728404,,,,,,,
,,,,,,,,,,,,,,,,,,,211,8728404,,,,,,,
,,,,,,,,,,,,,,,,,,,212,8868807,,,,,,,
,,,,,,,,,,,,,,,,,,,213,8868807,,,,,,,
,,,,,,,,,,,,,,,,,,,214,8868807,,,,,,,
,,,,,,,,,,,,,,,,,,,215,9012543,,,,,,,
,,,,,,,,,,,,,,,,,,,216,9012543,,,,,,,
,,,,,,,,,,,,,,,,,,,217,9012543,,,,,,,
,,,,,,,,,,,,,,,,,,,218,9156279,,,,,,,
,,,,,,,,,,,,,,,,,,,219,9156279,,,,,,,
,,,,,,,,,,,,,,,,,,,220,9156279,,,,,,,
,,,,,,,,,,,,,,,,,,,221,9304206,,,,,,,
,,,,,,,,,,,,,,,,,,,222,9304206,,,,,,,
,,,,,,,,,,,,,,,,,,,223,9304206,,,,,,,
,,,,,,,,,,,,,,,,,,,224,9452132,,,,,,,
,,,,,,,,,,,,,,,,,,,225,9452132,,,,,,,
,,,,,,,,,,,,,,,,,,,226,9452132,,,,,,,
,,,,,,,,,,,,,,,,,,,227,9603558,,,,,,,
,,,,,,,,,,,,,,,,,,,228,9603558,,,,,,,
,,,,,,,,,,,,,,,,,,,229,9603558,,,,,,,
,,,,,,,,,,,,,,,,,,,230,9755685,,,,,,,
,,,,,,,,,,,,,,,,,,,231,9755685,,,,,,,
,,,,,,,,,,,,,,,,,,,232,9755685,,,,,,,
,,,,,,,,,,,,,,,,,,,233,9911445,,,,,,,
,,,,,,,,,,,,,,,,,,,234,9911445,,,,,,,
,,,,,,,,,,,,,,,,,,,235,9911445,,,,,,,
,,,,,,,,,,,,,,,,,,,236,9911445,,,,,,,
,,,,,,,,,,,,,,,,,,,237,10067205,,,,,,,
,,,,,,,,,,,,,,,,,,,238,10067205,,,,,,,
,,,,,,,,,,,,,,,,,,,239,10067205,,,,,,,
,,,,,,,,,,,,,,,,,,,240,10227366,,,,,,,
,,,,,,,,,,,,,,,,,,,241,10227366,,,,,,,
,,,,,,,,,,,,,,,,,,,242,10227366,,,,,,,
,,,,,,,,,,,,,,,,,,,243,10387528,,,,,,,
,,,,,,,,,,,,,,,,,,,244,10387528,,,,,,,
,,,,,,,,,,,,,,,,,,,245,10387528,,,,,,,
,,,,,,,,,,,,,,,,,,,246,10551497,,,,,,,
,,,,,,,,,,,,,,,,,,,247,10551497,,,,,,,
,,,,,,,,,,,,,,,,,,,248,10551497,,,,,,,
,,,,,,,,,,,,,,,,,,,249,10716202,,,,,,,
,,,,,,,,,,,,,,,,,,,250,10716202,,,,,,,
,,,,,,,,,,,,,,,,,,,251,10716202,,,,,,,
,,,,,,,,,,,,,,,,,,,252,10884714,,,,,,,
,,,,,,,,,,,,,,,,,,,253,10884714,,,,,,,
,,,,,,,,,,,,,,,,,,,254,10884714,,,,,,,
,,,,,,,,,,,,,,,,,,,255,11053227,,,,,,,
,,,,,,,,,,,,,,,,,,,256,11053227,,,,,,,
,,,,,,,,,,,,,,,,,,,257,11053227,,,,,,,
,,,,,,,,,,,,,,,,,,,258,11226513,,,,,,,
,,,,,,,,,,,,,,,,,,,259,11226513,,,,,,,
,,,,,,,,,,,,,,,,,,,260,11226513,,,,,,,
,,,,,,,,,,,,,,,,,,,261,11399799,,,,,,,
,,,,,,,,,,,,,,,,,,,262,11399799,,,,,,,
,,,,,,,,,,,,,,,,,,,263,11399799,,,,,,,
,,,,,,,,,,,,,,,,,,,264,11577075,,,,,,,
,,,,,,,,,,,,,,,,,,,265,11577075,,,,,,,
,,,,,,,,,,,,,,,,,,,266,11577075,,,,,,,
,,,,,,,,,,,,,,,,,,,267,11755135,,,,,,,
,,,,,,,,,,,,,,,,,,,268,11755135,,,,,,,
,,,,,,,,,,,,,,,,,,,269,11755135,,,,,,,
,,,,,,,,,,,,,,,,,,,270,11937336,,,,,,,
,,,,,,,,,,,,,,,,,,,271,11937336,,,,,,,
,,,,,,,,,,,,,,,,,,,272,11937336,,,,,,,
,,,,,,,,,,,,,,,,,,,273,12119538,,,,,,,
,,,,,,,,,,,,,,,,,,,274,12119538,,,,,,,
,,,,,,,,,,,,,,,,,,,275,12119538,,,,,,,
,,,,,,,,,,,,,,,,,,,276,12306741,,,,,,,
,,,,,,,,,,,,,,,,,,,277,12306741,,,,,,,
,,,,,,,,,,,,,,,,,,,278,12306741,,,,,,,
,,,,,,,,,,,,,,,,,,,279,12493945,,,,,,,
,,,,,,,,,,,,,,,,,,,280,12493945,,,,,,,
,,,,,,,,,,,,,,,,,,,281,12493945,,,,,,,
,,,,,,,,,,,,,,,,,,,282,12685480,,,,,,,
,,,,,,,,,,,,,,,,,,,283,12685480,,,,,,,
,,,,,,,,,,,,,,,,,,,284,12685480,,,,,,,
,,,,,,,,,,,,,,,,,,,285,12877848,,,,,,,
,,,,,,,,,,,,,,,,,,,286,12877848,,,,,,,
,,,,,,,,,,,,,,,,,,,287,12877848,,,,,,,
,,,,,,,,,,,,,,,,,,,288,13074548,,,,,,,
,,,,,,,,,,,,,,,,,,,289,13074548,,,,,,,
,,,,,,,,,,,,,,,,,,,290,13074548,,,,,,,
,,,,,,,,,,,,,,,,,,,291,13271248,,,,,,,
,,,,,,,,,,,,,,,,,,,292,13271248,,,,,,,
,,,,,,,,,,,,,,,,,,,293,13271248,,,,,,,
,,,,,,,,,,,,,,,,,,,294,13473359,,,,,,,
,,,,,,,,,,,,,,,,,,,295,13473359,,,,,,,
,,,,,,,,,,,,,,,,,,,296,13473359,,,,,,,
,,,,,,,,,,,,,,,,,,,297,13675470,,,,,,,
,,,,,,,,,,,,,,,,,,,298,13675470,,,,,,,
,,,,,,,,,,,,,,,,,,,299,13675470,,,,,,,
,,,,,,,,,,,,,,,,,,,300,13882118,,,,,,,
,,,,,,,,,,,,,,,,,,,301,13882118,,,,,,,
,,,,,,,,,,,,,,,,,,,302,13882118,,,,,,,
,,,,,,,,,,,,,,,,,,,303,14089639,,,,,,,
,,,,,,,,,,,,,,,,,,,304,14089639,,,,,,,
,,,,,,,,,,,,,,,,,,,305,14089639,,,,,,,
,,,,,,,,,,,,,,,,,,,306,14301863,,,,,,,
,,,,,,,,,,,,,,,,,,,307,14301863,,,,,,,
,,,,,,,,,,,,,,,,,,,308,14301863,,,,,,,
,,,,,,,,,,,,,,,,,,,309,14514086,,,,,,,
,,,,,,,,,,,,,,,,,,,310,14514086,,,,,,,
,,,,,,,,,,,,,,,,,,,311,14514086,,,,,,,
,,,,,,,,,,,,,,,,,,,312,14514086,,,,,,,
,,,,,,,,,,,,,,,,,,,313,14731980,,,,,,,
,,,,,,,,,,,,,,,,,,,314,14731980,,,,,,,
,,,,,,,,,,,,,,,,,,,315,14731980,,,,,,,
,,,,,,,,,,,,,,,,,,,316,14731980,,,,,,,
,,,,,,,,,,,,,,,,,,,317,14949874,,,,,,,
,,,,,,,,,,,,,,,,,,,318,14949874,,,,,,,
,,,,,,,,,,,,,,,,,,,319,14949874,,,,,,,
,,,,,,,,,,,,,,,,,,,320,14949874,,,,,,,
,,,,,,,,,,,,,,,,,,,321,15172685,,,,,,,
,,,,,,,,,,,,,,,,,,,322,15172685,,,,,,,
,,,,,,,,,,,,,,,,,,,323,15172685,,,,,,,
,,,,,,,,,,,,,,,,,,,324,15172685,,,,,,,
,,,,,,,,,,,,,,,,,,,325,15396424,,,,,,,
,,,,,,,,,,,,,,,,,,,326,15396424,,,,,,,
,,,,,,,,,,,,,,,,,,,327,15396424,,,,,,,
,,,,,,,,,,,,,,,,,,,328,15396424,,,,,,,
,,,,,,,,,,,,,,,,,,,329,15625080,,,,,,,
,,,,,,,,,,,,,,,,,,,330,15625080,,,,,,,
,,,,,,,,,,,,,,,,,,,331,15625080,,,,,,,
,,,,,,,,,,,,,,,,,,,332,15625080,,,,,,,
,,,,,,,,,,,,,,,,,,,333,15853736,,,,,,,
,,,,,,,,,,,,,,,,,,,334,15853736,,,,,,,
,,,,,,,,,,,,,,,,,,,335,15853736,,,,,,,
,,,,,,,,,,,,,,,,,,,336,15853736,,,,,,,
,,,,,,,,,,,,,,,,,,,337,16088503,,,,,,,
,,,,,,,,,,,,,,,,,,,338,16088503,,,,,,,
,,,,,,,,,,,,,,,,,,,339,16088503,,,,,,,
,,,,,,,,,,,,,,,,,,,340,16088503,,,,,,,
,,,,,,,,,,,,,,,,,,,341,16323270,,,,,,,
,,,,,,,,,,,,,,,,,,,342,16323270,,,,,,,
,,,,,,,,,,,,,,,,,,,343,16323270,,,,,,,
,,,,,,,,,,,,,,,,,,,344,16323270,,,,,,,
,,,,,,,,,,,,,,,,,,,345,16563175,,,,,,,
,,,,,,,,,,,,,,,,,,,346,16563175,,,,,,,
,,,,,,,,,,,,,,,,,,,347,16563175,,,,,,,
,,,,,,,,,,,,,,,,,,,348,16563175,,,,,,,
,,,,,,,,,,,,,,,,,,,349,16804066,,,,,,,
,,,,,,,,,,,,,,,,,,,350,16804066,,,,,,,
,,,,,,,,,,,,,,,,,,,351,16804066,,,,,,,
,,,,,,,,,,,,,,,,,,,352,16804066,,,,,,,
,,,,,,,,,,,,,,,,,,,353,17050281,,,,,,,
,,,,,,,,,,,,,,,,,,,354,17050281,,,,,,,
,,,,,,,,,,,,,,,,,,,355,17050281,,,,,,,
,,,,,,,,,,,,,,,,,,,356,17050281,,,,,,,
,,,,,,,,,,,,,,,,,,,357,17296497,,,,,,,
,,,,,,,,,,,,,,,,,,,358,17296497,,,,,,,
,,,,,,,,,,,,,,,,,,,359,17296497,,,,,,,
,,,,,,,,,,,,,,,,,,,360,17296497,,,,,,,
,,,,,,,,,,,,,,,,,,,361,17549113,,,,,,,
,,,,,,,,,,,,,,,,,,,362,17549113,,,,,,,
,,,,,,,,,,,,,,,,,,,363,17549113,,,,,,,
,,,,,,,,,,,,,,,,,,,364,17549113,,,,,,,
,,,,,,,,,,,,,,,,,,,365,17801729,,,,,,,
,,,,,,,,,,,,,,,,,,,366,17801729,,,,,,,
,,,,,,,,,,,,,,,,,,,367,17801729,,,,,,,
,,,,,,,,,,,,,,,,,,,368,17801729,,,,,,,
,,,,,,,,,,,,,,,,,,,369,18059901,,,,,,,
,,,,,,,,,,,,,,,,,,,370,18059901,,,,,,,
,,,,,,,,,,,,,,,,,,,371,18059901,,,,,,,
,,,,,,,,,,,,,,,,,,,372,18059901,,,,,,,
,,,,,,,,,,,,,,,,,,,373,18319104,,,,,,,
,,,,,,,,,,,,,,,,,,,374,18319104,,,,,,,
,,,,,,,,,,,,,,,,,,,375,18319104,,,,,,,
,,,,,,,,,,,,,,,,,,,376,18319104,,,,,,,
,,,,,,,,,,,,,,,,,,,377,18583863,,,,,,,
,,,,,,,,,,,,,,,,,,,378,15583863,,,,,,,
,,,,,,,,,,,,,,,,,,,379,18583863,,,,,,,
,,,,,,,,,,,,,,,,,,,380,18583863,,,,,,,
,,,,,,,,,,,,,,,,,,,381,18848623,,,,,,,
,,,,,,,,,,,,,,,,,,,382,18848623,,,,,,,
,,,,,,,,,,,,,,,,,,,383,18848623,,,,,,,
,,,,,,,,,,,,,,,,,,,384,18848623,,,,,,,
,,,,,,,,,,,,,,,,,,,385,19120282,,,,,,,
,,,,,,,,,,,,,,,,,,,386,19120282,,,,,,,
,,,,,,,,,,,,,,,,,,,387,19120282,,,,,,,
,,,,,,,,,,,,,,,,,,,388,19120282,,,,,,,
,,,,,,,,,,,,,,,,,,,389,19391941,,,,,,,
,,,,,,,,,,,,,,,,,,,390,19391941,,,,,,,
,,,,,,,,,,,,,,,,,,,391,19391941,,,,,,,
,,,,,,,,,,,,,,,,,,,392,19391941,,,,,,,
,,,,,,,,,,,,,,,,,,,393,19669408,,,,,,,
,,,,,,,,,,,,,,,,,,,394,19669408,,,,,,,
,,,,,,,,,,,,,,,,,,,395,19669408,,,,,,,
,,,,,,,,,,,,,,,,,,,396,19669408,,,,,,,
,,,,,,,,,,,,,,,,,,,397,19947967,,,,,,,
,,,,,,,,,,,,,,,,,,,398,19947967,,,,,,,
,,,,,,,,,,,,,,,,,,,399,19947967,,,,,,,
,,,,,,,,,,,,,,,,,,,400,19947967,,,,,,,
,,,,,,,,,,,,,,,,,,,401,20232534,,,,,,,
,,,,,,,,,,,,,,,,,,,402,20232534,,,,,,,
,,,,,,,,,,,,,,,,,,,403,20232534,,,,,,,
,,,,,,,,,,,,,,,,,,,404,20232534,,,,,,,
,,,,,,,,,,,,,,,,,,,405,20517101,,,,,,,
,,,,,,,,,,,,,,,,,,,406,20517101,,,,,,,
,,,,,,,,,,,,,,,,,,,407,20517101,,,,,,,
,,,,,,,,,,,,,,,,,,,408,20517101,,,,,,,
,,,,,,,,,,,,,,,,,,,409,20808868,,,,,,,
,,,,,,,,,,,,,,,,,,,410,20808868,,,,,,,
,,,,,,,,,,,,,,,,,,,411,20808868,,,,,,,
,,,,,,,,,,,,,,,,,,,412,20808868,,,,,,,
,,,,,,,,,,,,,,,,,,,413,21100634,,,,,,,
,,,,,,,,,,,,,,,,,,,414,21100634,,,,,,,
,,,,,,,,,,,,,,,,,,,415,21100634,,,,,,,
,,,,,,,,,,,,,,,,,,,416,21100634,,,,,,,
,,,,,,,,,,,,,,,,,,,417,21398670,,,,,,,
,,,,,,,,,,,,,,,,,,,418,21398670,,,,,,,
,,,,,,,,,,,,,,,,,,,419,21398670,,,,,,,
,,,,,,,,,,,,,,,,,,,420,21398670,,,,,,,
,,,,,,,,,,,,,,,,,,,421,21697862,,,,,,,
,,,,,,,,,,,,,,,,,,,422,21697862,,,,,,,
,,,,,,,,,,,,,,,,,,,423,21697862,,,,,,,
,,,,,,,,,,,,,,,,,,,424,21697862,,,,,,,
,,,,,,,,,,,,,,,,,,,425,22003323,,,,,,,
,,,,,,,,,,,,,,,,,,,426,22003323,,,,,,,
,,,,,,,,,,,,,,,,,,,427,22003323,,,,,,,
,,,,,,,,,,,,,,,,,,,428,22003323,,,,,,,
,,,,,,,,,,,,,,,,,,,429,22308783,,,,,,,
,,,,,,,,,,,,,,,,,,,430,22308783,,,,,,,
,,,,,,,,,,,,,,,,,,,431,22308783,,,,,,,
,,,,,,,,,,,,,,,,,,,432,22308783,,,,,,,
,,,,,,,,,,,,,,,,,,,433,22621991,,,,,,,
,,,,,,,,,,,,,,,,,,,434,22621991,,,,,,,
,,,,,,,,,,,,,,,,,,,435,22621991,,,,,,,
,,,,,,,,,,,,,,,,,,,436,22621991,,,,,,,
,,,,,,,,,,,,,,,,,,,437,22935198,,,,,,,
,,,,,,,,,,,,,,,,,,,438,22935198,,,,,,,
,,,,,,,,,,,,,,,,,,,439,22935198,,,,,,,
,,,,,,,,,,,,,,,,,,,440,22935198,,,,,,,
,,,,,,,,,,,,,,,,,,,441,23254942,,,,,,,
,,,,,,,,,,,,,,,,,,,442,23254942,,,,,,,
,,,,,,,,,,,,,,,,,,,443,23254942,,,,,,,
,,,,,,,,,,,,,,,,,,,444,23254942,,,,,,,
,,,,,,,,,,,,,,,,,,,445,23575896,,,,,,,
,,,,,,,,,,,,,,,,,,,446,23575896,,,,,,,
,,,,,,,,,,,,,,,,,,,447,23575896,,,,,,,
,,,,,,,,,,,,,,,,,,,448,23575896,,,,,,,
,,,,,,,,,,,,,,,,,,,449,23903614,,,,,,,
,,,,,,,,,,,,,,,,,,,450,23903614,,,,,,,
,,,,,,,,,,,,,,,,,,,451,23903614,,,,,,,
,,,,,,,,,,,,,,,,,,,452,23903614,,,,,,,
,,,,,,,,,,,,,,,,,,,453,24231331,,,,,,,
,,,,,,,,,,,,,,,,,,,454,24231331,,,,,,,
,,,,,,,,,,,,,,,,,,,455,24231331,,,,,,,
,,,,,,,,,,,,,,,,,,,456,24231331,,,,,,,
,,,,,,,,,,,,,,,,,,,457,24567146,,,,,,,
,,,,,,,,,,,,,,,,,,,458,24567146,,,,,,,
,,,,,,,,,,,,,,,,,,,459,24567146,,,,,,,
,,,,,,,,,,,,,,,,,,,460,24567146,,,,,,,
,,,,,,,,,,,,,,,,,,,461,24902960,,,,,,,
,,,,,,,,,,,,,,,,,,,462,24902960,,,,,,,
,,,,,,,,,,,,,,,,,,,463,24902960,,,,,,,
,,,,,,,,,,,,,,,,,,,464,24902960,,,,,,,
,,,,,,,,,,,,,,,,,,,465,25245819,,,,,,,
,,,,,,,,,,,,,,,,,,,466,25245819,,,,,,,
,,,,,,,,,,,,,,,,,,,467,25245819,,,,,,,
,,,,,,,,,,,,,,,,,,,468,25245819,,,,,,,
,,,,,,,,,,,,,,,,,,,469,25589958,,,,,,,
,,,,,,,,,,,,,,,,,,,470,25589958,,,,,,,
,,,,,,,,,,,,,,,,,,,471,25589958,,,,,,,
,,,,,,,,,,,,,,,,,,,472,25589958,,,,,,,
,,,,,,,,,,,,,,,,,,,473,25941140,,,,,,,
,,,,,,,,,,,,,,,,,,,474,25941140,,,,,,,
,,,,,,,,,,,,,,,,,,,475,25941140,,,,,,,
,,,,,,,,,,,,,,,,,,,476,25941140,,,,,,,
,,,,,,,,,,,,,,,,,,,477,26292323,,,,,,,
,,,,,,,,,,,,,,,,,,,478,26292323,,,,,,,
,,,,,,,,,,,,,,,,,,,479,26292323,,,,,,,
,,,,,,,,,,,,,,,,,,,480,26292323,,,,,,,
,,,,,,,,,,,,,,,,,,,481,26652189,,,,,,,
,,,,,,,,,,,,,,,,,,,482,26652189,,,,,,,
,,,,,,,,,,,,,,,,,,,483,26652189,,,,,,,
,,,,,,,,,,,,,,,,,,,484,26652189,,,,,,,
,,,,,,,,,,,,,,,,,,,485,27012054,,,,,,,
,,,,,,,,,,,,,,,,,,,486,27012054,,,,,,,
,,,,,,,,,,,,,,,,,,,487,27012054,,,,,,,
,,,,,,,,,,,,,,,,,,,488,27012054,,,,,,,
,,,,,,,,,,,,,,,,,,,489,27379265,,,,,,,
,,,,,,,,,,,,,,,,,,,490,27379265,,,,,,,
,,,,,,,,,,,,,,,,,,,491,27379265,,,,,,,
,,,,,,,,,,,,,,,,,,,492,27379265,,,,,,,
,,,,,,,,,,,,,,,,,,,493,27747829,,,,,,,
,,,,,,,,,,,,,,,,,,,494,27747829,,,,,,,
,,,,,,,,,,,,,,,,,,,495,27747829,,,,,,,
,,,,,,,,,,,,,,,,,,,496,27747829,,,,,,,
,,,,,,,,,,,,,,,,,,,497,28123981,,,,,,,
,,,,,,,,,,,,,,,,,,,498,28123981,,,,,,,
,,,,,,,,,,,,,,,,,,,499,28123981,,,,,,,
,,,,,,,,,,,,,,,,,,,500,28123981,,,,,,,
,,,,,,,,,,,,,,,,,,,501,28500134,,,,,,,
,,,,,,,,,,,,,,,,,,,502,28500134,,,,,,,
,,,,,,,,,,,,,,,,,,,503,28500134,,,,,,,
,,,,,,,,,,,,,,,,,,,504,28500134,,,,,,,
,,,,,,,,,,,,,,,,,,,505,28885344,,,,,,,
,,,,,,,,,,,,,,,,,,,506,28885344,,,,,,,
,,,,,,,,,,,,,,,,,,,507,28885344,,,,,,,
,,,,,,,,,,,,,,,,,,,508,28885344,,,,,,,
,,,,,,,,,,,,,,,,,,,509,29270554,,,,,,,
,,,,,,,,,,,,,,,,,,,510,29270554,,,,,,,
,,,,,,,,,,,,,,,,,,,511,29270554,,,,,,,
,,,,,,,,,,,,,,,,,,,512,29270554,,,,,,,
,,,,,,,,,,,,,,,,,,,513,29663666,,,,,,,
,,,,,,,,,,,,,,,,,,,514,29663666,,,,,,,
,,,,,,,,,,,,,,,,,,,515,29663666,,,,,,,
,,,,,,,,,,,,,,,,,,,516,29663666,,,,,,,
,,,,,,,,,,,,,,,,,,,517,30000000,,,,,,,
,,,,,,,,,,,,,,,,,,,518,30000000,,,,,,,
,,,,,,,,,,,,,,,,,,,519,30000000,,,,,,,
,,,,,,,,,,,,,,,,,,,520,30000000,,,,,,,
,,,,,,,,,,,,,,,,,,,521,30000000,,,,,,,
,,,,,,,,,,,,,,,,,,,522,30000000,,,,,,,
,,,,,,,,,,,,,,,,,,,523,30000000,,,,,,,
,,,,,,,,,,,,,,,,,,,524,30000000,,,,,,,
,,,,,,,,,,,,,,,,,,,525,30000000,,,,,,,
,,,,,,,,,,,,,,,,,,,526,30000000,,,,,,,
,,,,,,,,,,,,,,,,,,,527,30000000,,,,,,,
,,,,,,,,,,,,,,,,,,,528,30000000,,,,,,,
,,,,,,,,,,,,,,,,,,,529,30000000,,,,,,,
,,,,,,,,,,,,,,,,,,,530,30000000,,,,,,,
,,,,,,,,,,,,,,,,,,,531,30000000,,,,,,,
,,,,,,,,,,,,,,,,,,,532,30000000,,,,,,,
,,,,,,,,,,,,,,,,,,,533,30000000,,,,,,,
,,,,,,,,,,,,,,,,,,,534,30000000,,,,,,,
,,,,,,,,,,,,,,,,,,,535,30000000,,,,,,,
,,,,,,,,,,,,,,,,,,,536,30000000,,,,,,,
,,,,,,,,,,,,,,,,,,,537,30000000,,,,,,,
,,,,,,,,,,,,,,,,,,,538,30000000,,,,,,,
,,,,,,,,,,,,,,,,,,,539,30000000,,,,,,,
,,,,,,,,,,,,,,,,,,,540,30000000,,,,,,,
,,,,,,,,,,,,,,,,,,,541,30000000,,,,,,,
,,,,,,,,,,,,,,,,,,,542,30000000,,,,,,,
,,,,,,,,,,,,,,,,,,,543,30000000,,,,,,,
,,,,,,,,,,,,,,,,,,,544,30000000,,,,,,,
,,,,,,,,,,,,,,,,,,,545,30000000,,,,,,,
,,,,,,,,,,,,,,,,,,,546,30000000,,,,,,,
,,,,,,,,,,,,,,,,,,,547,30000000,,,,,,,
,,,,,,,,,,,,,,,,,,,548,30000000,,,,,,,
,,,,,,,,,,,,,,,,,,,549,30000000,,,,,,,
,,,,,,,,,,,,,,,,,,,550,30000000,,,,,,,
,,,,,,,,,,,,,,,,,,,551,30000000,,,,,,,
,,,,,,,,,,,,,,,,,,,552,30000000,,,,,,,
,,,,,,,,,,,,,,,,,,,553,30000000,,,,,,,
,,,,,,,,,,,,,,,,,,,554,30000000,,,,,,,
,,,,,,,,,,,,,,,,,,,555,30000000,,,,,,,
,,,,,,,,,,,,,,,,,,,556,30000000,,,,,,,
,,,,,,,,,,,,,,,,,,,557,30000000,,,,,,,
,,,,,,,,,,,,,,,,,,,558,30000000,,,,,,,
,,,,,,,,,,,,,,,,,,,559,30000000,,,,,,,
,,,,,,,,,,,,,,,,,,,560,30000000,,,,,,,
,,,,,,,,,,,,,,,,,,,561,30000000,,,,,,,
,,,,,,,,,,,,,,,,,,,562,30000000,,,,,,,
,,,,,,,,,,,,,,,,,,,563,30000000,,,,,,,
,,,,,,,,,,,,,,,,,,,564,30000000,,,,,,,
,,,,,,,,,,,,,,,,,,,565,30000000,,,,,,,
,,,,,,,,,,,,,,,,,,,566,30000000,,,,,,,
,,,,,,,,,,,,,,,,,,,567,30000000,,,,,,,
,,,,,,,,,,,,,,,,,,,568,30000000,,,,,,,
,,,,,,,,,,,,,,,,,,,569,30000000,,,,,,,
,,,,,,,,,,,,,,,,,,,570,30000000,,,,,,,
,,,,,,,,,,,,,,,,,,,571,30000000,,,,,,,
,,,,,,,,,,,,,,,,,,,572,30000000,,,,,,,
,,,,,,,,,,,,,,,,,,,573,30000000,,,,,,,
,,,,,,,,,,,,,,,,,,,574,30000000,,,,,,,
,,,,,,,,,,,,,,,,,,,575,30000000,,,,,,,
,,,,,,,,,,,,,,,,,,,576,30000000,,,,,,,
,,,,,,,,,,,,,,,,,,,577,30000000,,,,,,,
,,,,,,,,,,,,,,,,,,,578,30000000,,,,,,,
,,,,,,,,,,,,,,,,,,,579,30000000,,,,,,,
,,,,,,,,,,,,,,,,,,,580,30000000,,,,,,,
,,,,,,,,,,,,,,,,,,,581,30000000,,,,,,,
,,,,,,,,,,,,,,,,,,,582,30000000,,,,,,,
,,,,,,,,,,,,,,,,,,,583,30000000,,,,,,,
,,,,,,,,,,,,,,,,,,,584,30000000,,,,,,,
,,,,,,,,,,,,,,,,,,,585,30000000,,,,,,,
,,,,,,,,,,,,,,,,,,,586,30000000,,,,,,,
,,,,,,,,,,,,,,,,,,,587,30000000,,,,,,,
,,,,,,,,,,,,,,,,,,,588,30000000,,,,,,,
,,,,,,,,,,,,,,,,,,,589,30000000,,,,,,,
,,,,,,,,,,,,,,,,,,,590,30000000,,,,,,,
,,,,,,,,,,,,,,,,,,,591,30000000,,,,,,,
,,,,,,,,,,,,,,,,,,,592,30000000,,,,,,,
,,,,,,,,,,,,,,,,,,,593,30000000,,,,,,,
,,,,,,,,,,,,,,,,,,,594,30000000,,,,,,,
,,,,,,,,,,,,,,,,,,,595,30000000,,,,,,,
,,,,,,,,,,,,,,,,,,,596,30000000,,,,,,,
,,,,,,,,,,,,,,,,,,,597,30000000,,,,,,,
,,,,,,,,,,,,,,,,,,,598,30000000,,,,,,,
,,,,,,,,,,,,,,,,,,,599,30000000,,,,,,,
,,,,,,,,,,,,,,,,,,,600,30000000,,,,,,,
,,,,,,,,,,,,,,,,,,,601,30000000,,,,,,,
,,,,,,,,,,,,,,,,,,,602,30000000,,,,,,,
,,,,,,,,,,,,,,,,,,,603,30000000,,,,,,,
,,,,,,,,,,,,,,,,,,,604,30000000,,,,,,,
,,,,,,,,,,,,,,,,,,,605,30000000,,,,,,,
,,,,,,,,,,,,,,,,,,,606,30000000,,,,,,,
,,,,,,,,,,,,,,,,,,,607,30000000,,,,,,,
,,,,,,,,,,,,,,,,,,,608,30000000,,,,,,,
,,,,,,,,,,,,,,,,,,,609,30000000,,,,,,,
,,,,,,,,,,,,,,,,,,,610,30000000,,,,,,,
,,,,,,,,,,,,,,,,,,,611,30000000,,,,,,,
,,,,,,,,,,,,,,,,,,,612,30000000,,,,,,,
,,,,,,,,,,,,,,,,,,,613,30000000,,,,,,,
,,,,,,,,,,,,,,,,,,,614,30000000,,,,,,,
,,,,,,,,,,,,,,,,,,,615,30000000,,,,,,,
,,,,,,,,,,,,,,,,,,,616,30000000,,,,,,,
,,,,,,,,,,,,,,,,,,,617,30000000,,,,,,,
,,,,,,,,,,,,,,,,,,,618,30000000,,,,,,,
,,,,,,,,,,,,,,,,,,,619,30000000,,,,,,,
,,,,,,,,,,,,,,,,,,,620,30000000,,,,,,,
,,,,,,,,,,,,,,,,,,,621,30000000,,,,,,,
,,,,,,,,,,,,,,,,,,,622,30000000,,,,,,,
,,,,,,,,,,,,,,,,,,,623,30000000,,,,,,,
,,,,,,,,,,,,,,,,,,,624,30000000,,,,,,,
,,,,,,,,,,,,,,,,,,,625,30000000,,,,,,,
,,,,,,,,,,,,,,,,,,,626,30000000,,,,,,,
,,,,,,,,,,,,,,,,,,,627,30000000,,,,,,,
,,,,,,,,,,,,,,,,,,,628,30000000,,,,,,,
,,,,,,,,,,,,,,,,,,,629,30000000,,,,,,,
,,,,,,,,,,,,,,,,,,,630,30000000,,,,,,,
,,,,,,,,,,,,,,,,,,,631,30000000,,,,,,,
,,,,,,,,,,,,,,,,,,,632,30000000,,,,,,,
,,,,,,,,,,,,,,,,,,,633,30000000,,,,,,,
,,,,,,,,,,,,,,,,,,,634,30000000,,,,,,,
,,,,,,,,,,,,,,,,,,,635,30000000,,,,,,,
,,,,,,,,,,,,,,,,,,,636,30000000,,,,,,,
,,,,,,,,,,,,,,,,,,,637,30000000,,,,,,,
,,,,,,,,,,,,,,,,,,,638,30000000,,,,,,,
,,,,,,,,,,,,,,,,,,,639,30000000,,,,,,,
,,,,,,,,,,,,,,,,,,,640,30000000,,,,,,,
,,,,,,,,,,,,,,,,,,,641,30000000,,,,,,,
,,,,,,,,,,,,,,,,,,,642,30000000,,,,,,,
,,,,,,,,,,,,,,,,,,,643,30000000,,,,,,,
,,,,,,,,,,,,,,,,,,,644,30000000,,,,,,,
,,,,,,,,,,,,,,,,,,,645,30000000,,,,,,,
,,,,,,,,,,,,,,,,,,,646,30000000,,,,,,,
,,,,,,,,,,,,,,,,,,,647,30000000,,,,,,,
,,,,,,,,,,,,,,,,,,,648,30000000,,,,,,,
,,,,,,,,,,,,,,,,,,,649,30000000,,,,,,,
,,,,,,,,,,,,,,,,,,,650,30000000,,,,,,,
,,,,,,,,,,,,,,,,,,,651,30000000,,,,,,,
,,,,,,,,,,,,,,,,,,,652,30000000,,,,,,,
,,,,,,,,,,,,,,,,,,,653,30000000,,,,,,,
,,,,,,,,,,,,,,,,,,,654,30000000,,,,,,,
,,,,,,,,,,,,,,,,,,,655,30000000,,,,,,,
,,,,,,,,,,,,,,,,,,,656,30000000,,,,,,,
,,,,,,,,,,,,,,,,,,,657,30000000,,,,,,,
,,,,,,,,,,,,,,,,,,,658,30000000,,,,,,,
,,,,,,,,,,,,,,,,,,,659,30000000,,,,,,,
,,,,,,,,,,,,,,,,,,,660,30000000,,,,,,,
,,,,,,,,,,,,,,,,,,,661,30000000,,,,,,,
,,,,,,,,,,,,,,,,,,,662,30000000,,,,,,,
,,,,,,,,,,,,,,,,,,,663,30000000,,,,,,,
,,,,,,,,,,,,,,,,,,,664,30000000,,,,,,,
,,,,,,,,,,,,,,,,,,,665,30000000,,,,,,,
,,,,,,,,,,,,,,,,,,,666,30000000,,,,,,,
,,,,,,,,,,,,,,,,,,,667,30000000,,,,,,,
,,,,,,,,,,,,,,,,,,,668,30000000,,,,,,,
,,,,,,,,,,,,,,,,,,,669,30000000,,,,,,,
,,,,,,,,,,,,,,,,,,,670,30000000,,,,,,,
,,,,,,,,,,,,,,,,,,,671,30000000,,,,,,,
,,,,,,,,,,,,,,,,,,,672,30000000,,,,,,,
,,,,,,,,,,,,,,,,,,,673,30000000,,,,,,,
,,,,,,,,,,,,,,,,,,,674,30000000,,,,,,,
,,,,,,,,,,,,,,,,,,,675,30000000,,,,,,,
,,,,,,,,,,,,,,,,,,,676,30000000,,,,,,,
,,,,,,,,,,,,,,,,,,,677,30000000,,,,,,,
,,,,,,,,,,,,,,,,,,,678,30000000,,,,,,,
,,,,,,,,,,,,,,,,,,,679,30000000,,,,,,,
,,,,,,,,,,,,,,,,,,,680,30000000,,,,,,,
,,,,,,,,,,,,,,,,,,,681,30000000,,,,,,,
,,,,,,,,,,,,,,,,,,,682,30000000,,,,,,,
,,,,,,,,,,,,,,,,,,,683,30000000,,,,,,,
,,,,,,,,,,,,,,,,,,,684,30000000,,,,,,,
,,,,,,,,,,,,,,,,,,,685,30000000,,,,,,,
,,,,,,,,,,,,,,,,,,,686,30000000,,,,,,,
,,,,,,,,,,,,,,,,,,,687,30000000,,,,,,,
,,,,,,,,,,,,,,,,,,,688,30000000,,,,,,,
,,,,,,,,,,,,,,,,,,,689,30000000,,,,,,,
,,,,,,,,,,,,,,,,,,,690,30000000,,,,,,,
,,,,,,,,,,,,,,,,,,,691,30000000,,,,,,,
,,,,,,,,,,,,,,,,,,,692,30000000,,,,,,,
,,,,,,,,,,,,,,,,,,,693,30000000,,,,,,,
,,,,,,,,,,,,,,,,,,,694,30000000,,,,,,,
,,,,,,,,,,,,,,,,,,,695,30000000,,,,,,,
,,,,,,,,,,,,,,,,,,,696,30000000,,,,,,,
,,,,,,,,,,,,,,,,,,,697,30000000,,,,,,,
,,,,,,,,,,,,,,,,,,,698,30000000,,,,,,,
,,,,,,,,,,,,,,,,,,,699,30000000,,,,,,,
,,,,,,,,,,,,,,,,,,,700,30000000,,,,,,,
,,,,,,,,,,,,,,,,,,,701,30000000,,,,,,,
,,,,,,,,,,,,,,,,,,,702,30000000,,,,,,,
,,,,,,,,,,,,,,,,,,,703,30000000,,,,,,,
,,,,,,,,,,,,,,,,,,,704,30000000,,,,,,,
,,,,,,,,,,,,,,,,,,,705,30000000,,,,,,,
,,,,,,,,,,,,,,,,,,,706,30000000,,,,,,,
,,,,,,,,,,,,,,,,,,,707,30000000,,,,,,,
,,,,,,,,,,,,,,,,,,,708,30000000,,,,,,,
,,,,,,,,,,,,,,,,,,,709,30000000,,,,,,,
,,,,,,,,,,,,,,,,,,,710,30000000,,,,,,,
,,,,,,,,,,,,,,,,,,,711,30000000,,,,,,,
,,,,,,,,,,,,,,,,,,,712,30000000,,,,,,,
,,,,,,,,,,,,,,,,,,,713,30000000,,,,,,,
,,,,,,,,,,,,,,,,,,,714,30000000,,,,,,,
,,,,,,,,,,,,,,,,,,,715,30000000,,,,,,,
,,,,,,,,,,,,,,,,,,,716,30000000,,,,,,,
,,,,,,,,,,,,,,,,,,,717,30000000,,,,,,,
,,,,,,,,,,,,,,,,,,,718,30000000,,,,,,,
,,,,,,,,,,,,,,,,,,,719,30000000,,,,,,,
,,,,,,,,,,,,,,,,,,,720,30000000,,,,,,,
,,,,,,,,,,,,,,,,,,,721,30000000,,,,,,,
,,,,,,,,,,,,,,,,,,,722,30000000,,,,,,,
,,,,,,,,,,,,,,,,,,,723,30000000,,,,,,,
,,,,,,,,,,,,,,,,,,,724,30000000,,,,,,,
,,,,,,,,,,,,,,,,,,,725,30000000,,,,,,,
,,,,,,,,,,,,,,,,,,,726,30000000,,,,,,,
,,,,,,,,,,,,,,,,,,,727,30000000,,,,,,,
,,,,,,,,,,,,,,,,,,,728,30000000,,,,,,,
,,,,,,,,,,,,,,,,,,,729,30000000,,,,,,,
,,,,,,,,,,,,,,,,,,,730,30000000,,,,,,,
,,,,,,,,,,,,,,,,,,,731,30000000,,,,,,,
,,,,,,,,,,,,,,,,,,,732,30000000,,,,,,,
,,,,,,,,,,,,,,,,,,,733,30000000,,,,,,,
,,,,,,,,,,,,,,,,,,,734,30000000,,,,,,,
,,,,,,,,,,,,,,,,,,,735,30000000,,,,,,,
,,,,,,,,,,,,,,,,,,,736,30000000,,,,,,,
,,,,,,,,,,,,,,,,,,,737,30000000,,,,,,,
,,,,,,,,,,,,,,,,,,,738,30000000,,,,,,,
,,,,,,,,,,,,,,,,,,,739,30000000,,,,,,,
,,,,,,,,,,,,,,,,,,,740,30000000,,,,,,,
,,,,,,,,,,,,,,,,,,,741,30000000,,,,,,,
,,,,,,,,,,,,,,,,,,,742,30000000,,,,,,,
,,,,,,,,,,,,,,,,,,,743,30000000,,,,,,,
,,,,,,,,,,,,,,,,,,,744,30000000,,,,,,,
,,,,,,,,,,,,,,,,,,,745,30000000,,,,,,,
,,,,,,,,,,,,,,,,,,,746,30000000,,,,,,,
,,,,,,,,,,,,,,,,,,,747,30000000,,,,,,,
,,,,,,,,,,,,,,,,,,,748,30000000,,,,,,,
,,,,,,,,,,,,,,,,,,,749,30000000,,,,,,,
,,,,,,,,,,,,,,,,,,,750,30000000,,,,,,,
,,,,,,,,,,,,,,,,,,,751,30000000,,,,,,,
,,,,,,,,,,,,,,,,,,,752,30000000,,,,,,,
,,,,,,,,,,,,,,,,,,,753,30000000,,,,,,,
,,,,,,,,,,,,,,,,,,,754,30000000,,,,,,,
,,,,,,,,,,,,,,,,,,,755,30000000,,,,,,,
,,,,,,,,,,,,,,,,,,,756,30000000,,,,,,,
,,,,,,,,,,,,,,,,,,,757,30000000,,,,,,,
,,,,,,,,,,,,,,,,,,,758,30000000,,,,,,,
,,,,,,,,,,,,,,,,,,,759,30000000,,,,,,,
,,,,,,,,,,,,,,,,,,,760,30000000,,,,,,,
,,,,,,,,,,,,,,,,,,,761,30000000,,,,,,,
,,,,,,,,,,,,,,,,,,,762,30000000,,,,,,,
,,,,,,,,,,,,,,,,,,,763,30000000,,,,,,,
,,,,,,,,,,,,,,,,,,,764,30000000,,,,,,,
,,,,,,,,,,,,,,,,,,,765,30000000,,,,,,,
,,,,,,,,,,,,,,,,,,,766,30000000,,,,,,,
,,,,,,,,,,,,,,,,,,,767,30000000,,,,,,,
,,,,,,,,,,,,,,,,,,,768,30000000,,,,,,,
,,,,,,,,,,,,,,,,,,,769,30000000,,,,,,,
,,,,,,,,,,,,,,,,,,,770,30000000,,,,,,,
,,,,,,,,,,,,,,,,,,,771,30000000,,,,,,,
,,,,,,,,,,,,,,,,,,,772,30000000,,,,,,,
,,,,,,,,,,,,,,,,,,,773,30000000,,,,,,,
,,,,,,,,,,,,,,,,,,,774,30000000,,,,,,,
,,,,,,,,,,,,,,,,,,,775,30000000,,,,,,,
,,,,,,,,,,,,,,,,,,,776,30000000,,,,,,,
,,,,,,,,,,,,,,,,,,,777,30000000,,,,,,,
,,,,,,,,,,,,,,,,,,,778,30000000,,,,,,,
,,,,,,,,,,,,,,,,,,,779,30000000,,,,,,,
,,,,,,,,,,,,,,,,,,,780,30000000,,,,,,,
,,,,,,,,,,,,,,,,,,,781,30000000,,,,,,,
,,,,,,,,,,,,,,,,,,,782,30000000,,,,,,,
,,,,,,,,,,,,,,,,,,,783,30000000,,,,,,,
,,,,,,,,,,,,,,,,,,,784,30000000,,,,,,,
,,,,,,,,,,,,,,,,,,,785,30000000,,,,,,,
,,,,,,,,,,,,,,,,,,,786,30000000,,,,,,,
,,,,,,,,,,,,,,,,,,,787,30000000,,,,,,,
,,,,,,,,,,,,,,,,,,,788,30000000,,,,,,,
,,,,,,,,,,,,,,,,,,,789,30000000,,,,,,,
,,,,,,,,,,,,,,,,,,,790,30000000,,,,,,,
,,,,,,,,,,,,,,,,,,,791,30000000,,,,,,,
,,,,,,,,,,,,,,,,,,,792,30000000,,,,,,,
,,,,,,,,,,,,,,,,,,,793,30000000,,,,,,,
,,,,,,,,,,,,,,,,,,,794,30000000,,,,,,,
,,,,,,,,,,,,,,,,,,,795,30000000,,,,,,,
,,,,,,,,,,,,,,,,,,,796,30000000,,,,,,,
,,,,,,,,,,,,,,,,,,,797,30000000,,,,,,,
,,,,,,,,,,,,,,,,,,,798,30000000,,,,,,,
,,,,,,,,,,,,,,,,,,,799,30000000,,,,,,,
,,,,,,,,,,,,,,,,,,,800,30000000,,,,,,,
,,,,,,,,,,,,,,,,,,,801,30000000,,,,,,,
,,,,,,,,,,,,,,,,,,,802,30000000,,,,,,,
,,,,,,,,,,,,,,,,,,,803,30000000,,,,,,,
,,,,,,,,,,,,,,,,,,,804,30000000,,,,,,,
,,,,,,,,,,,,,,,,,,,805,30000000,,,,,,,
,,,,,,,,,,,,,,,,,,,806,30000000,,,,,,,
,,,,,,,,,,,,,,,,,,,807,30000000,,,,,,,
,,,,,,,,,,,,,,,,,,,808,30000000,,,,,,,
,,,,,,,,,,,,,,,,,,,809,30000000,,,,,,,
,,,,,,,,,,,,,,,,,,,810,30000000,,,,,,,
,,,,,,,,,,,,,,,,,,,811,30000000,,,,,,,
,,,,,,,,,,,,,,,,,,,812,30000000,,,,,,,
,,,,,,,,,,,,,,,,,,,813,30000000,,,,,,,
,,,,,,,,,,,,,,,,,,,814,30000000,,,,,,,
,,,,,,,,,,,,,,,,,,,815,30000000,,,,,,,
,,,,,,,,,,,,,,,,,,,816,30000000,,,,,,,
,,,,,,,,,,,,,,,,,,,817,30000000,,,,,,,
,,,,,,,,,,,,,,,,,,,818,30000000,,,,,,,
,,,,,,,,,,,,,,,,,,,819,30000000,,,,,,,
,,,,,,,,,,,,,,,,,,,820,30000000,,,,,,,
,,,,,,,,,,,,,,,,,,,821,30000000,,,,,,,
,,,,,,,,,,,,,,,,,,,822,30000000,,,,,,,
,,,,,,,,,,,,,,,,,,,823,30000000,,,,,,,
,,,,,,,,,,,,,,,,,,,824,30000000,,,,,,,
,,,,,,,,,,,,,,,,,,,825,30000000,,,,,,,
,,,,,,,,,,,,,,,,,,,826,30000000,,,,,,,
,,,,,,,,,,,,,,,,,,,827,30000000,,,,,,,
,,,,,,,,,,,,,,,,,,,828,30000000,,,,,,,
,,,,,,,,,,,,,,,,,,,829,30000000,,,,,,,
,,,,,,,,,,,,,,,,,,,830,30000000,,,,,,,
,,,,,,,,,,,,,,,,,,,831,30000000,,,,,,,
,,,,,,,,,,,,,,,,,,,832,30000000,,,,,,,
,,,,,,,,,,,,,,,,,,,833,30000000,,,,,,,
,,,,,,,,,,,,,,,,,,,834,30000000,,,,,,,
,,,,,,,,,,,,,,,,,,,835,30000000,,,,,,,
,,,,,,,,,,,,,,,,,,,836,30000000,,,,,,,
,,,,,,,,,,,,,,,,,,,837,30000000,,,,,,,
,,,,,,,,,,,,,,,,,,,838,30000000,,,,,,,
,,,,,,,,,,,,,,,,,,,839,30000000,,,,,,,
,,,,,,,,,,,,,,,,,,,840,30000000,,,,,,,
,,,,,,,,,,,,,,,,,,,841,30000000,,,,,,,
,,,,,,,,,,,,,,,,,,,842,30000000,,,,,,,
,,,,,,,,,,,,,,,,,,,843,30000000,,,,,,,
,,,,,,,,,,,,,,,,,,,844,30000000,,,,,,,
,,,,,,,,,,,,,,,,,,,845,30000000,,,,,,,
,,,,,,,,,,,,,,,,,,,846,30000000,,,,,,,
,,,,,,,,,,,,,,,,,,,847,30000000,,,,,,,
,,,,,,,,,,,,,,,,,,,848,30000000,,,,,,,
,,,,,,,,,,,,,,,,,,,849,30000000,,,,,,,
,,,,,,,,,,,,,,,,,,,850,30000000,,,,,,,
,,,,,,,,,,,,,,,,,,,851,30000000,,,,,,,
,,,,,,,,,,,,,,,,,,,852,30000000,,,,,,,
,,,,,,,,,,,,,,,,,,,853,30000000,,,,,,,
,,,,,,,,,,,,,,,,,,,854,30000000,,,,,,,
,,,,,,,,,,,,,,,,,,,855,30000000,,,,,,,
,,,,,,,,,,,,,,,,,,,856,30000000,,,,,,,
,,,,,,,,,,,,,,,,,,,857,30000000,,,,,,,
,,,,,,,,,,,,,,,,,,,858,30000000,,,,,,,
,,,,,,,,,,,,,,,,,,,859,30000000,,,,,,,
,,,,,,,,,,,,,,,,,,,860,30000000,,,,,,,
,,,,,,,,,,,,,,,,,,,861,30000000,,,,,,,
,,,,,,,,,,,,,,,,,,,862,30000000,,,,,,,
,,,,,,,,,,,,,,,,,,,863,30000000,,,,,,,
,,,,,,,,,,,,,,,,,,,864,30000000,,,,,,,
,,,,,,,,,,,,,,,,,,,865,30000000,,,,,,,
,,,,,,,,,,,,,,,,,,,866,30000000,,,,,,,
,,,,,,,,,,,,,,,,,,,867,30000000,,,,,,,
,,,,,,,,,,,,,,,,,,,868,30000000,,,,,,,
,,,,,,,,,,,,,,,,,,,869,30000000,,,,,,,
,,,,,,,,,,,,,,,,,,,870,30000000,,,,,,,
,,,,,,,,,,,,,,,,,,,871,30000000,,,,,,,
,,,,,,,,,,,,,,,,,,,872,30000000,,,,,,,
,,,,,,,,,,,,,,,,,,,873,30000000,,,,,,,
,,,,,,,,,,,,,,,,,,,874,30000000,,,,,,,
,,,,,,,,,,,,,,,,,,,875,30000000,,,,,,,
,,,,,,,,,,,,,,,,,,,876,30000000,,,,,,,
,,,,,,,,,,,,,,,,,,,877,30000000,,,,,,,
,,,,,,,,,,,,,,,,,,,878,30000000,,,,,,,
,,,,,,,,,,,,,,,,,,,879,30000000,,,,,,,
,,,,,,,,,,,,,,,,,,,880,30000000,,,,,,,
,,,,,,,,,,,,,,,,,,,881,30000000,,,,,,,
,,,,,,,,,,,,,,,,,,,882,30000000,,,,,,,
,,,,,,,,,,,,,,,,,,,883,30000000,,,,,,,
,,,,,,,,,,,,,,,,,,,884,30000000,,,,,,,
,,,,,,,,,,,,,,,,,,,885,30000000,,,,,,,
,,,,,,,,,,,,,,,,,,,886,30000000,,,,,,,
,,,,,,,,,,,,,,,,,,,887,30000000,,,,,,,
,,,,,,,,,,,,,,,,,,,888,30000000,,,,,,,
,,,,,,,,,,,,,,,,,,,889,30000000,,,,,,,
,,,,,,,,,,,,,,,,,,,890,30000000,,,,,,,
,,,,,,,,,,,,,,,,,,,891,30000000,,,,,,,
,,,,,,,,,,,,,,,,,,,892,30000000,,,,,,,
,,,,,,,,,,,,,,,,,,,893,30000000,,,,,,,
,,,,,,,,,,,,,,,,,,,894,30000000,,,,,,,
,,,,,,,,,,,,,,,,,,,895,30000000,,,,,,,
,,,,,,,,,,,,,,,,,,,896,30000000,,,,,,,
,,,,,,,,,,,,,,,,,,,897,30000000,,,,,,,
,,,,,,,,,,,,,,,,,,,898,30000000,,,,,,,
,,,,,,,,,,,,,,,,,,,899,30000000,,,,,,,
,,,,,,,,,,,,,,,,,,,900,30000000,,,,,,,
,,,,,,,,,,,,,,,,,,,901,30000000,,,,,,,
,,,,,,,,,,,,,,,,,,,902,30000000,,,,,,,
,,,,,,,,,,,,,,,,,,,903,30000000,,,,,,,
,,,,,,,,,,,,,,,,,,,904,30000000,,,,,,,
,,,,,,,,,,,,,,,,,,,905,30000000,,,,,,,
,,,,,,,,,,,,,,,,,,,906,30000000,,,,,,,
,,,,,,,,,,,,,,,,,,,907,30000000,,,,,,,
,,,,,,,,,,,,,,,,,,,908,30000000,,,,,,,
,,,,,,,,,,,,,,,,,,,909,30000000,,,,,,,
,,,,,,,,,,,,,,,,,,,910,30000000,,,,,,,
,,,,,,,,,,,,,,,,,,,911,30000000,,,,,,,
,,,,,,,,,,,,,,,,,,,912,30000000,,,,,,,
,,,,,,,,,,,,,,,,,,,913,30000000,,,,,,,
,,,,,,,,,,,,,,,,,,,914,30000000,,,,,,,
,,,,,,,,,,,,,,,,,,,915,30000000,,,,,,,
,,,,,,,,,,,,,,,,,,,916,30000000,,,,,,,
,,,,,,,,,,,,,,,,,,,917,30000000,,,,,,,
,,,,,,,,,,,,,,,,,,,918,30000000,,,,,,,
,,,,,,,,,,,,,,,,,,,919,30000000,,,,,,,
,,,,,,,,,,,,,,,,,,,920,30000000,,,,,,,
,,,,,,,,,,,,,,,,,,,921,30000000,,,,,,,
,,,,,,,,,,,,,,,,,,,922,30000000,,,,,,,
,,,,,,,,,,,,,,,,,,,923,30000000,,,,,,,
,,,,,,,,,,,,,,,,,,,924,30000000,,,,,,,
,,,,,,,,,,,,,,,,,,,925,30000000,,,,,,,
,,,,,,,,,,,,,,,,,,,926,30000000,,,,,,,
,,,,,,,,,,,,,,,,,,,927,30000000,,,,,,,
,,,,,,,,,,,,,,,,,,,928,30000000,,,,,,,
,,,,,,,,,,,,,,,,,,,929,30000000,,,,,,,
,,,,,,,,,,,,,,,,,,,930,30000000,,,,,,,
,,,,,,,,,,,,,,,,,,,931,30000000,,,,,,,
,,,,,,,,,,,,,,,,,,,932,30000000,,,,,,,
,,,,,,,,,,,,,,,,,,,933,30000000,,,,,,,
,,,,,,,,,,,,,,,,,,,934,30000000,,,,,,,
,,,,,,,,,,,,,,,,,,,935,30000000,,,,,,,
,,,,,,,,,,,,,,,,,,,936,30000000,,,,,,,
,,,,,,,,,,,,,,,,,,,937,30000000,,,,,,,
,,,,,,,,,,,,,,,,,,,938,30000000,,,,,,,
,,,,,,,,,,,,,,,,,,,939,30000000,,,,,,,
,,,,,,,,,,,,,,,,,,,940,30000000,,,,,,,
,,,,,,,,,,,,,,,,,,,941,30000000,,,,,,,
,,,,,,,,,,,,,,,,,,,942,30000000,,,,,,,
,,,,,,,,,,,,,,,,,,,943,30000000,,,,,,,
,,,,,,,,,,,,,,,,,,,944,30000000,,,,,,,
,,,,,,,,,,,,,,,,,,,945,30000000,,,,,,,
,,,,,,,,,,,,,,,,,,,946,30000000,,,,,,,
,,,,,,,,,,,,,,,,,,,947,30000000,,,,,,,
,,,,,,,,,,,,,,,,,,,948,30000000,,,,,,,
,,,,,,,,,,,,,,,,,,,949,30000000,,,,,,,
,,,,,,,,,,,,,,,,,,,950,30000000,,,,,,,
,,,,,,,,,,,,,,,,,,,951,30000000,,,,,,,
,,,,,,,,,,,,,,,,,,,952,30000000,,,,,,,
,,,,,,,,,,,,,,,,,,,953,30000000,,,,,,,
,,,,,,,,,,,,,,,,,,,954,30000000,,,,,,,
,,,,,,,,,,,,,,,,,,,955,30000000,,,,,,,
,,,,,,,,,,,,,,,,,,,956,30000000,,,,,,,
,,,,,,,,,,,,,,,,,,,957,30000000,,,,,,,
,,,,,,,,,,,,,,,,,,,958,30000000,,,,,,,
,,,,,,,,,,,,,,,,,,,959,30000000,,,,,,,
,,,,,,,,,,,,,,,,,,,960,30000000,,,,,,,
,,,,,,,,,,,,,,,,,,,961,30000000,,,,,,,
,,,,,,,,,,,,,,,,,,,962,30000000,,,,,,,
,,,,,,,,,,,,,,,,,,,963,30000000,,,,,,,
,,,,,,,,,,,,,,,,,,,964,30000000,,,,,,,
,,,,,,,,,,,,,,,,,,,965,30000000,,,,,,,
,,,,,,,,,,,,,,,,,,,966,30000000,,,,,,,
,,,,,,,,,,,,,,,,,,,967,30000000,,,,,,,
,,,,,,,,,,,,,,,,,,,968,30000000,,,,,,,
,,,,,,,,,,,,,,,,,,,969,30000000,,,,,,,
,,,,,,,,,,,,,,,,,,,970,30000000,,,,,,,
,,,,,,,,,,,,,,,,,,,971,30000000,,,,,,,
,,,,,,,,,,,,,,,,,,,972,30000000,,,,,,,
,,,,,,,,,,,,,,,,,,,973,30000000,,,,,,,
,,,,,,,,,,,,,,,,,,,974,30000000,,,,,,,
,,,,,,,,,,,,,,,,,,,975,30000000,,,,,,,
,,,,,,,,,,,,,,,,,,,976,30000000,,,,,,,
,,,,,,,,,,,,,,,,,,,977,30000000,,,,,,,
,,,,,,,,,,,,,,,,,,,978,30000000,,,,,,,
,,,,,,,,,,,,,,,,,,,979,30000000,,,,,,,
,,,,,,,,,,,,,,,,,,,980,30000000,,,,,,,
,,,,,,,,,,,,,,,,,,,981,30000000,,,,,,,
,,,,,,,,,,,,,,,,,,,982,30000000,,,,,,,
,,,,,,,,,,,,,,,,,,,983,30000000,,,,,,,
,,,,,,,,,,,,,,,,,,,984,30000000,,,,,,,
,,,,,,,,,,,,,,,,,,,985,30000000,,,,,,,
,,,,,,,,,,,,,,,,,,,986,30000000,,,,,,,
,,,,,,,,,,,,,,,,,,,987,30000000,,,,,,,
,,,,,,,,,,,,,,,,,,,988,30000000,,,,,,,
,,,,,,,,,,,,,,,,,,,989,30000000,,,,,,,
,,,,,,,,,,,,,,,,,,,990,30000000,,,,,,,
,,,,,,,,,,,,,,,,,,,991,30000000,,,,,,,
,,,,,,,,,,,,,,,,,,,992,30000000,,,,,,,
,,,,,,,,,,,,,,,,,,,993,30000000,,,,,,,
,,,,,,,,,,,,,,,,,,,994,30000000,,,,,,,
,,,,,,,,,,,,,,,,,,,995,30000000,,,,,,,
,,,,,,,,,,,,,,,,,,,996,30000000,,,,,,,
,,,,,,,,,,,,,,,,,,,997,30000000,,,,,,,
,,,,,,,,,,,,,,,,,,,998,30000000,,,,,,,
,,,,,,,,,,,,,,,,,,,999,30000000,,,,,,,
,,,,,,,,,,,,,,,,,,,1000,30000000,,,,,,,